Open,High,Low,Close,Adj Close,Volume
5894.5,5948.850098,5887.950195,5935.100098,5935.100098,120200.0
6000.5,6019.0,5951.149902,6009.0,6009.0,127700.0
5991.200195,6038.200195,5980.950195,6030.799805,6030.799805,116300.0
5930.799805,5966.049805,5910.950195,5955.25,5955.25,151200.0
5972.25,5989.799805,5926.75,5973.299805,5973.299805,191500.0
5984.700195,6051.100098,5974.549805,6038.049805,6038.049805,171700.0
6057.200195,6066.850098,6020.25,6029.200195,6029.200195,163300.0
6009.75,6064.149902,6004.25,6031.799805,6031.799805,115200.0
6064.299805,6093.350098,6061.299805,6077.799805,6077.799805,126500.0
6032.200195,6047.25,5962.600098,5990.5,5990.5,151900.0
5970.399902,5990.649902,5896.399902,5907.5,5907.5,237100.0
5937.950195,5944.5,5869.5,5886.200195,5886.200195,174500.0
5869.950195,5886.0,5825.799805,5831.649902,5831.649902,173400.0
5836.049805,5861.299805,5747.600098,5755.049805,5755.049805,181500.0
5738.350098,5752.100098,5675.75,5742.0,5742.0,235500.0
5776.899902,5808.5,5676.850098,5727.850098,5727.850098,216800.0
5750.049805,5761.850098,5649.0,5677.899902,5677.899902,222500.0
5682.399902,5721.0,5661.5,5685.399902,5685.399902,197200.0
5664.899902,5664.899902,5521.799805,5542.25,5542.25,216200.0
5549.299805,5561.450195,5486.850098,5519.100098,5519.100098,245000.0
5510.049805,5577.600098,5510.049805,5565.649902,5565.649902,204900.0
5606.700195,5644.100098,5557.100098,5612.399902,5612.399902,195700.0
5600.25,5704.75,5578.899902,5699.299805,5699.299805,223000.0
5715.399902,5754.549805,5690.200195,5742.299805,5742.299805,223700.0
5705.450195,5716.600098,5496.049805,5507.850098,5507.850098,248100.0
5497.549805,5499.649902,5360.649902,5414.75,5414.75,219700.0
5353.450195,5417.799805,5306.350098,5401.450195,5401.450195,261100.0
5494.450195,5504.100098,5268.450195,5302.549805,5302.549805,255000.0
5282.799805,5418.950195,5254.049805,5408.450195,5408.450195,284500.0
5428.75,5478.799805,5377.799805,5471.75,5471.75,251500.0
5499.399902,5528.700195,5454.450195,5476.5,5476.5,242000.0
5426.5,5427.399902,5274.25,5287.450195,5287.450195,306000.0
5233.450195,5317.700195,5118.850098,5285.0,5285.0,336000.0
5316.5,5428.899902,5303.0,5409.049805,5409.049805,326500.0
5407.450195,5493.299805,5360.200195,5471.799805,5471.799805,336400.0
5480.25,5564.899902,5478.850098,5550.75,5550.75,214200.0
5574.700195,5580.950195,5323.75,5341.450195,5341.450195,250300.0
5358.649902,5460.25,5318.899902,5448.100098,5448.100098,237200.0
5553.75,5625.75,5552.700195,5592.950195,5592.950195,274900.0
5617.450195,5688.600098,5566.149902,5680.399902,5680.399902,253000.0
5738.5,5904.850098,5738.200195,5896.75,5896.75,275200.0
5887.25,5924.350098,5832.700195,5913.149902,5913.149902,265000.0
5931.149902,5932.0,5815.799805,5850.700195,5850.700195,273000.0
5828.0,5884.299805,5822.899902,5850.600098,5850.600098,190800.0
5930.299805,5957.25,5798.149902,5840.549805,5840.549805,219500.0
5824.200195,5857.799805,5804.899902,5850.200195,5850.200195,157900.0
5872.75,5916.899902,5840.200195,5899.450195,5899.450195,153600.0
6044.149902,6142.5,6040.149902,6115.549805,6115.549805,287200.0
6104.549805,6130.950195,5932.850098,6012.100098,6012.100098,318600.0
5945.799805,5989.399902,5871.399902,5889.75,5889.75,188300.0
5855.0,5938.399902,5854.549805,5892.450195,5892.450195,187600.0
5901.549805,5910.549805,5811.100098,5873.850098,5873.850098,200200.0
5872.799805,5917.649902,5864.100098,5882.25,5882.25,220600.0
5905.549805,5909.200195,5819.299805,5833.200195,5833.200195,163100.0
5801.049805,5810.200195,5718.5,5735.299805,5735.299805,155700.0
5756.100098,5786.450195,5700.950195,5780.049805,5780.049805,159200.0
5819.100098,5917.600098,5802.700195,5909.700195,5909.700195,199800.0
5891.299805,5950.450195,5885.0,5907.299805,5907.299805,191500.0
5889.049805,5912.0,5825.850098,5906.149902,5906.149902,156400.0
5975.0,5981.700195,5913.0,5928.399902,5928.399902,158500.0
5893.25,6015.5,5877.100098,6007.450195,6007.450195,192000.0
6001.049805,6033.950195,5979.799805,6020.950195,6020.950195,159600.0
6104.850098,6107.600098,6046.399902,6096.200195,6096.200195,180800.0
6093.0,6124.100098,6082.899902,6112.700195,6112.700195,142200.0
6147.549805,6156.299805,6056.549805,6089.049805,6089.049805,218300.0
6098.5,6110.75,6032.549805,6045.850098,6045.850098,230600.0
6070.899902,6201.450195,6070.899902,6189.350098,6189.350098,250300.0
6202.0,6218.950195,6163.299805,6204.950195,6204.950195,197000.0
6192.299805,6220.100098,6181.799805,6202.799805,6202.799805,161900.0
6209.549805,6217.950195,6116.600098,6178.350098,6178.350098,188300.0
6162.799805,6252.450195,6142.950195,6164.350098,6164.350098,148900.0
6154.0,6174.75,6125.950195,6144.899902,6144.899902,144500.0
6155.100098,6168.75,6094.100098,6101.100098,6101.100098,146300.0
6107.549805,6228.049805,6079.200195,6220.899902,6220.899902,197300.0
6230.799805,6269.200195,6222.600098,6251.700195,6251.700195,177600.0
6237.149902,6309.049805,6235.899902,6299.149902,6299.149902,239600.0
6289.75,6332.600098,6286.950195,6307.200195,6307.200195,191600.0
6282.149902,6304.75,6244.299805,6253.149902,6253.149902,181100.0
6260.549805,6269.700195,6208.700195,6215.149902,6215.149902,157100.0
6228.899902,6288.950195,6180.799805,6187.25,6187.25,168800.0
6170.149902,6185.149902,6120.950195,6140.75,6140.75,150100.0
6110.399902,6141.649902,6067.75,6078.799805,6078.799805,146100.0
6087.25,6108.700195,6011.75,6018.049805,6018.049805,153800.0
5998.850098,6042.25,5972.450195,5989.600098,5989.600098,162500.0
6037.0,6101.649902,6036.649902,6056.149902,6056.149902,154900.0
6111.049805,6196.799805,6110.399902,6189.0,6189.0,164000.0
6197.25,6212.399902,6180.200195,6203.350098,6203.350098,161500.0
6186.850098,6204.350098,6106.950195,6122.899902,6122.899902,155800.0
6096.5,6097.350098,5985.399902,5999.049805,5999.049805,137200.0
6027.350098,6049.600098,5972.799805,5995.450195,5995.450195,134800.0
6035.950195,6123.5,6035.950195,6115.350098,6115.350098,127200.0
6099.25,6112.700195,6047.75,6059.100098,6059.100098,150700.0
6062.700195,6074.0,6030.299805,6057.100098,6057.100098,124900.0
6092.0,6112.950195,6068.299805,6091.850098,6091.850098,195300.0
6103.899902,6182.5,6103.799805,6176.100098,6176.100098,190700.0
6171.149902,6228.700195,6171.149902,6217.850098,6217.850098,145900.0
6204.25,6225.399902,6191.399902,6201.850098,6201.850098,156900.0
6187.950195,6209.149902,6149.899902,6160.950195,6160.950195,186200.0
6262.450195,6300.549805,6232.0,6241.100098,6241.100098,186100.0
6234.399902,6275.350098,6230.75,6259.899902,6259.899902,158500.0
6415.0,6415.25,6345.0,6363.899902,6363.899902,198300.0
6354.700195,6362.25,6307.549805,6332.850098,6332.850098,242400.0
6307.200195,6326.600098,6280.25,6307.899902,6307.899902,148200.0
6276.75,6286.850098,6230.549805,6237.049805,6237.049805,148500.0
6201.299805,6208.600098,6161.399902,6168.399902,6168.399902,169700.0
6168.350098,6183.25,6146.049805,6154.700195,6154.700195,146500.0
6178.200195,6190.549805,6133.0,6139.049805,6139.049805,154200.0
6129.950195,6236.0,6129.950195,6217.149902,6217.149902,243300.0
6253.899902,6263.75,6150.700195,6166.649902,6166.649902,437000.0
6179.950195,6284.5,6170.350098,6274.25,6274.25,172000.0
6267.200195,6317.5,6266.950195,6284.5,6284.5,131200.0
6296.450195,6301.5,6262.0,6268.399902,6268.399902,107600.0
6270.100098,6302.75,6259.450195,6278.899902,6278.899902,182300.0
6292.799805,6324.899902,6289.399902,6313.799805,6313.799805,96900.0
6336.399902,6344.049805,6273.149902,6291.100098,6291.100098,101300.0
6307.350098,6317.299805,6287.299805,6304.0,6304.0,103400.0
6301.25,6358.299805,6211.299805,6221.149902,6221.149902,158100.0
6194.549805,6221.700195,6171.25,6211.149902,6211.149902,139000.0
6220.850098,6224.700195,6170.25,6191.450195,6191.450195,118300.0
6203.899902,6221.5,6144.75,6162.25,6162.25,138600.0
6178.049805,6192.100098,6160.350098,6174.600098,6174.600098,146900.0
6181.700195,6188.049805,6148.25,6168.350098,6168.350098,150100.0
6178.850098,6239.100098,6139.600098,6171.450195,6171.450195,159900.0
6189.549805,6288.200195,6189.549805,6272.75,6272.75,135000.0
6260.25,6280.350098,6234.149902,6241.850098,6241.850098,110200.0
6265.950195,6325.200195,6265.299805,6320.899902,6320.899902,145900.0
6341.350098,6346.5,6299.850098,6318.899902,6318.899902,153400.0
6306.25,6327.100098,6246.350098,6261.649902,6261.649902,167700.0
6261.75,6307.450195,6243.350098,6303.950195,6303.950195,122100.0
6320.149902,6330.299805,6297.899902,6313.799805,6313.799805,141700.0
6309.049805,6349.950195,6287.450195,6338.950195,6338.950195,137500.0
6325.950195,6355.600098,6316.399902,6345.649902,6345.649902,120100.0
6301.649902,6331.450195,6263.899902,6266.75,6266.75,160300.0
6186.299805,6188.549805,6130.25,6135.850098,6135.850098,190400.0
6131.850098,6163.600098,6085.950195,6126.25,6126.25,184100.0
6161.0,6170.450195,6109.799805,6120.25,6120.25,146700.0
6067.0,6082.850098,6027.25,6073.700195,6073.700195,208100.0
6082.75,6097.850098,6067.350098,6089.5,6089.5,146700.0
6058.799805,6074.850098,5994.450195,6001.799805,6001.799805,134900.0
5947.600098,6017.799805,5933.299805,6000.899902,6000.899902,183300.0
6004.25,6028.049805,5962.049805,6022.399902,6022.399902,166600.0
6028.350098,6048.350098,5965.399902,6036.299805,6036.299805,185500.0
6077.649902,6079.950195,6030.899902,6063.200195,6063.200195,181900.0
6072.799805,6083.049805,6046.399902,6053.450195,6053.450195,133100.0
6072.450195,6081.850098,6053.25,6062.700195,6062.700195,150500.0
6085.350098,6106.600098,6077.399902,6084.0,6084.0,138500.0
6087.549805,6094.399902,5991.100098,6001.100098,6001.100098,153700.0
6023.75,6056.399902,5984.600098,6048.350098,6048.350098,140200.0
6057.100098,6080.649902,6038.299805,6073.299805,6073.299805,108500.0
6071.299805,6141.700195,6066.799805,6127.100098,6127.100098,126600.0
6132.049805,6160.350098,6125.75,6152.75,6152.75,95200.0
6127.149902,6129.100098,6086.450195,6091.450195,6091.450195,132100.0
6108.299805,6159.649902,6108.0,6155.450195,6155.450195,112600.0
6140.950195,6191.850098,6130.799805,6186.100098,6186.100098,144900.0
6205.700195,6216.850098,6176.600098,6200.049805,6200.049805,146300.0
6202.450195,6245.950195,6202.100098,6238.799805,6238.799805,181700.0
6228.450195,6282.700195,6228.100098,6276.950195,6276.950195,180600.0
6264.350098,6277.75,6212.25,6221.450195,6221.450195,144600.0
6216.75,6302.149902,6215.700195,6297.950195,6297.950195,166800.0
6328.450195,6336.25,6287.799805,6328.649902,6328.649902,160300.0
6344.75,6406.600098,6339.700195,6401.149902,6401.149902,180700.0
6413.950195,6537.799805,6413.549805,6526.649902,6526.649902,284900.0
6491.700195,6562.200195,6487.350098,6537.25,6537.25,242100.0
6537.350098,6562.850098,6494.25,6511.899902,6511.899902,239000.0
6497.5,6546.149902,6487.299805,6516.899902,6516.899902,175000.0
6491.75,6561.450195,6476.649902,6493.100098,6493.100098,167900.0
6447.25,6518.450195,6432.700195,6504.200195,6504.200195,177300.0
6532.450195,6574.950195,6497.649902,6516.649902,6516.649902,179300.0
6530.0,6541.200195,6506.0,6524.049805,6524.049805,172500.0
6508.350098,6523.649902,6473.25,6483.100098,6483.100098,142000.0
6515.200195,6522.899902,6485.700195,6493.200195,6493.200195,189900.0
6510.5,6591.5,6510.5,6583.5,6583.5,158400.0
6550.100098,6595.549805,6544.850098,6589.75,6589.75,168100.0
6615.649902,6627.450195,6580.600098,6601.399902,6601.399902,186600.0
6613.100098,6673.950195,6599.5,6641.75,6641.75,312400.0
6673.049805,6702.600098,6643.799805,6695.899902,6695.899902,184800.0
6723.149901999999,6730.049805,6662.399902,6704.200195,6704.200195,220600.0
6729.5,6732.25,6675.450195,6721.049805,6721.049805,177800.0
6757.600098000001,6763.5,6723.600098000001,6752.549805,6752.549805,173300.0
6772.049805,6776.75,6696.899902,6736.100098000001,6736.100098000001,197500.0
6741.850098000001,6741.850098000001,6685.149902,6694.350098,6694.350098,155100.0
6694.25,6725.149901999999,6650.399902,6695.049805,6695.049805,133900.0
6722.0,6808.700195,6705.100098,6796.200195,6796.200195,169800.0
6803.049805,6819.049805,6777.299805,6796.399901999999,6796.399901999999,191100.0
6758.350098000001,6789.350098000001,6743.149901999999,6776.299805,6776.299805,140700.0
6792.700195,6813.399901999999,6711.75,6733.100098000001,6733.100098000001,123200.0
6727.25,6748.649901999999,6665.149902,6675.299805,6675.299805,119800.0
6695.450195,6783.049805,6684.399902,6779.399901999999,6779.399901999999,131500.0
6789.25,6825.450195,6786.899901999999,6817.649901999999,6817.649901999999,111800.0
6822.899901999999,6838.0,6806.25,6815.350098000001,6815.350098000001,114700.0
6823.25,6861.600098000001,6820.75,6840.799805,6840.799805,183000.0
6855.799805,6869.850098000001,6772.850098000001,6782.75,6782.75,154300.0
6778.549805,6786.25,6750.299805,6761.25,6761.25,118200.0
6769.0,6779.700195,6708.649902,6715.25,6715.25,115500.0
6724.950195,6780.149901999999,6656.799805,6696.399902,6696.399902,161100.0
6709.950195,6737.649901999999,6689.5,6694.799805,6694.799805,114300.0
6681.649902,6741.049805,6680.450195,6699.350098,6699.350098,105000.0
6719.25,6743.450195,6701.899902,6715.299805,6715.299805,88300.0
6708.600098,6718.75,6642.899902,6652.549805,6652.549805,114100.0
6669.899902,6688.399902,6638.549805,6659.850098,6659.850098,101600.0
6654.149902,6871.350098000001,6652.149902,6858.799805,6858.799805,166400.0
6863.399901999999,7020.049805,6862.899901999999,7014.25,7014.25,157700.0
7080.0,7172.350098000001,7067.149901999999,7108.75,7108.75,232200.0
7112.0,7142.25,7080.899901999999,7108.75,7108.75,177200.0
7111.299805,7152.549805,7082.549805,7123.149901999999,7123.149901999999,186800.0
7270.200195,7563.5,7130.649901999999,7203.0,7203.0,393200.0
7276.850098000001,7291.100098000001,7193.549805,7263.549805,7263.549805,316200.0
7309.950195,7353.649901999999,7247.700195,7275.5,7275.5,255300.0
7274.850098000001,7287.149901999999,7206.700195,7252.899901999999,7252.899901999999,203100.0
7289.950195,7319.549805,7258.149901999999,7276.399901999999,7276.399901999999,240900.0
7306.5,7381.0,7293.899901999999,7367.100098000001,7367.100098000001,259600.0
7428.75,7504.0,7269.049805,7359.049805,7359.049805,273200.0
7363.100098000001,7372.950195,7274.75,7318.0,7318.0,168600.0
7324.950195,7344.75,7302.600098000001,7329.649901999999,7329.649901999999,175600.0
7316.600098000001,7325.399901999999,7224.399901999999,7235.649901999999,7235.649901999999,241100.0
7254.850098000001,7272.5,7118.450195,7229.950195,7229.950195,312200.0
7264.049805,7368.600098000001,7239.5,7362.5,7362.5,169900.0
7375.350098000001,7424.950195,7342.149901999999,7415.850098000001,7415.850098000001,234700.0
7417.549805,7433.299805,7391.350098000001,7402.25,7402.25,204600.0
7399.75,7484.700195,7360.5,7474.100098000001,7474.100098000001,250700.0
7521.5,7592.700195,7497.649901999999,7583.399901999999,7583.399901999999,248400.0
7621.649901999999,7673.700195,7580.25,7654.600098000001,7654.600098000001,231900.0
7679.049805,7683.200195,7579.299805,7656.399901999999,7656.399901999999,188700.0
7672.399901999999,7700.049805,7589.049805,7626.850098000001,7626.850098000001,186200.0
7641.299805,7658.0,7593.799805,7649.899901999999,7649.899901999999,148200.0
7668.200195,7678.5,7525.350098000001,7542.100098000001,7542.100098000001,174500.0
7534.799805,7548.600098000001,7487.549805,7533.549805,7533.549805,155400.0
7525.049805,7637.600098000001,7509.25,7631.700195,7631.700195,158000.0
7636.049805,7663.0,7515.5,7558.200195,7558.200195,165100.0
7580.049805,7606.450195,7502.549805,7540.700195,7540.700195,148900.0
7543.299805,7560.549805,7497.299805,7511.450195,7511.450195,124100.0
7514.0,7534.799805,7441.600098000001,7493.350098000001,7493.350098000001,127400.0
7515.200195,7593.350098000001,7515.200195,7580.200195,7580.200195,137000.0
7588.549805,7589.25,7557.049805,7569.25,7569.25,115000.0
7554.100098000001,7570.200195,7481.299805,7493.200195,7493.200195,171700.0
7514.200195,7538.75,7482.299805,7508.799805,7508.799805,126700.0
7534.049805,7623.649901999999,7531.600098000001,7611.350098000001,7611.350098000001,152300.0
7629.0,7649.5,7618.149901999999,7634.700195,7634.700195,139400.0
7683.049805,7732.399901999999,7677.299805,7725.149901999999,7725.149901999999,136300.0
7734.350098000001,7754.649901999999,7706.799805,7714.799805,7714.799805,133800.0
7718.100098000001,7758.0,7661.299805,7751.600098000001,7751.600098000001,113100.0
7780.399901999999,7792.0,7755.100098000001,7787.149901999999,7787.149901999999,173900.0
7804.049805,7808.850098000001,7595.899901999999,7623.200195,7623.200195,180600.0
7637.950195,7650.100098000001,7551.649901999999,7585.0,7585.0,168300.0
7589.5,7731.049805,7479.049805,7567.75,7567.75,258400.0
7584.100098000001,7625.850098000001,7447.200195,7459.600098000001,7459.600098000001,187600.0
7469.0,7478.450195,7422.149901999999,7454.149901999999,7454.149901999999,135200.0
7491.299805,7534.899901999999,7459.149901999999,7526.649901999999,7526.649901999999,122100.0
7564.149901999999,7640.100098000001,7532.450195,7624.399901999999,7624.399901999999,168000.0
7612.700195,7655.649901999999,7612.700195,7640.450195,7640.450195,141600.0
7630.25,7685.0,7595.5,7663.899901999999,7663.899901999999,134600.0
7701.649901999999,7722.100098000001,7674.0,7684.200195,7684.200195,105400.0
7708.200195,7773.850098000001,7704.799805,7767.850098000001,7767.850098000001,120100.0
7794.899901999999,7809.200195,7752.899901999999,7795.75,7795.75,122100.0
7796.25,7835.649901999999,7771.649901999999,7830.600098000001,7830.600098000001,117600.0
7828.200195,7840.950195,7748.600098000001,7790.450195,7790.450195,153900.0
7792.899901999999,7799.899901999999,7722.649901999999,7748.700195,7748.700195,116500.0
7746.200195,7798.700195,7707.600098000001,7791.399901999999,7791.399901999999,178100.0
7784.649901999999,7791.850098000001,7711.149901999999,7721.299805,7721.299805,208900.0
7662.5,7716.700195,7593.899901999999,7602.600098000001,7602.600098000001,181100.0
7639.549805,7694.799805,7622.049805,7683.649901999999,7683.649901999999,137000.0
7706.649901999999,7752.450195,7638.049805,7746.549805,7746.549805,128200.0
7726.149901999999,7740.950195,7658.950195,7672.049805,7672.049805,116400.0
7651.149901999999,7708.950195,7630.399901999999,7649.25,7649.25,116800.0
7588.700195,7592.450195,7540.100098000001,7568.549805,7568.549805,118400.0
7619.850098000001,7635.549805,7598.600098000001,7625.950195,7625.950195,107000.0
7688.799805,7735.75,7654.799805,7727.049805,7727.049805,120600.0
7717.299805,7757.100098000001,7695.700195,7739.549805,7739.549805,154100.0
7756.149901999999,7796.700195,7739.100098000001,7791.700195,7791.700195,127300.0
7785.25,7880.5,7779.200195,7874.25,7874.25,126700.0
7901.0,7918.549805,7881.149901999999,7897.5,7897.5,140600.0
7915.799805,7922.700195,7864.049805,7875.299805,7875.299805,117300.0
7875.350098000001,7919.649901999999,7855.950195,7891.100098000001,7891.100098000001,115200.0
7904.549805,7929.049805,7900.049805,7913.200195,7913.200195,104100.0
7931.75,7968.25,7897.950195,7906.299805,7906.299805,118500.0
7874.5,7915.450195,7862.450195,7904.75,7904.75,142800.0
7933.899901999999,7946.850098000001,7916.549805,7936.049805,7936.049805,120000.0
7942.25,7967.799805,7939.200195,7954.350098000001,7954.350098000001,189700.0
7990.350098000001,8035.0,7984.0,8027.700195,8027.700195,139300.0
8038.600098000001,8101.950195,8036.549805,8083.049805,8083.049805,134900.0
8110.850098000001,8141.899901999999,8092.25,8114.600098000001,8114.600098000001,150700.0
8114.200195,8114.799805,8060.899901999999,8095.950195,8095.950195,141300.0
8099.899901999999,8122.700195,8049.850098000001,8086.850098000001,8086.850098000001,126000.0
8132.950195,8180.200195,8126.149901999999,8173.899901999999,8173.899901999999,120700.0
8161.899901999999,8174.549805,8126.5,8152.950195,8152.950195,104700.0
8135.549805,8135.75,8082.100098000001,8094.100098000001,8094.100098000001,107100.0
8115.149901999999,8127.950195,8057.299805,8085.700195,8085.700195,122800.0
8087.049805,8114.299805,8071.600098000001,8105.5,8105.5,111400.0
8070.350098000001,8077.299805,8030.0,8042.0,8042.0,96500.0
8036.600098000001,8044.899901999999,7925.149901999999,7932.899901999999,7932.899901999999,128000.0
7971.5,7990.649901999999,7936.950195,7975.5,7975.5,123700.0
7950.649901999999,8120.850098000001,7939.700195,8114.75,8114.75,116900.0
8129.399901999999,8160.899901999999,8105.350098000001,8121.450195,8121.450195,161300.0
8084.450195,8159.899901999999,8064.799805,8146.299805,8146.299805,105500.0
8144.399901999999,8159.75,8008.100098000001,8017.549805,8017.549805,140800.0
8015.549805,8042.049805,7950.049805,8002.399901999999,8002.399901999999,182200.0
8003.299805,8019.299805,7877.350098000001,7911.850098000001,7911.850098000001,231900.0
7885.850098000001,7993.299805,7841.799805,7968.850098000001,7968.850098000001,147800.0
7978.450195,7991.75,7934.700195,7958.899901999999,7958.899901999999,97300.0
7948.799805,8030.899901999999,7923.850098000001,7964.799805,7964.799805,141100.0
7960.5,7977.5,7936.700195,7945.549805,7945.549805,113000.0
7897.399901999999,7943.049805,7842.700195,7852.399901999999,7852.399901999999,148200.0
7828.75,7869.899901999999,7815.75,7842.700195,7842.700195,135900.0
7886.5,7972.350098000001,7886.5,7960.549805,7960.549805,123800.0
7911.0,7924.049805,7848.450195,7859.950195,7859.950195,142900.0
7831.0,7901.149901999999,7796.0,7884.25,7884.25,118800.0
7923.25,7928.0,7825.450195,7864.0,7864.0,225500.0
7837.299805,7893.899901999999,7729.649901999999,7748.200195,7748.200195,213500.0
7733.75,7819.200195,7723.850098000001,7779.700195,7779.700195,177600.0
7896.950195,7905.950195,7856.950195,7879.399901999999,7879.399901999999,176200.0
7906.149901999999,7936.600098000001,7874.350098000001,7927.75,7927.75,163400.0
7997.799805,8005.0,7974.549805,7995.899901999999,7995.899901999999,151100.0
8064.350098000001,8064.399901999999,7985.649901999999,7991.700195,7991.700195,132800.0
8002.399901999999,8037.799805,7995.049805,8027.600098000001,8027.600098000001,124100.0
8077.049805,8097.950195,8052.25,8090.450195,8090.450195,148300.0
8085.200195,8181.549805,8085.200195,8169.200195,8169.200195,205700.0
8200.799805,8330.75,8198.049805,8322.200195,8322.200195,176200.0
8348.150391,8350.599609,8297.650391,8324.150391,8324.150391,141100.0
8351.25,8365.549805,8323.5,8338.299805,8338.299805,161600.0
8331.849609,8360.349609,8290.25,8337.0,8337.0,153400.0
8337.799805,8383.049805,8304.450195,8344.25,8344.25,130700.0
8354.099609,8378.700195,8321.849609,8362.650391,8362.650391,122000.0
8378.900391,8415.049805,8370.5,8383.299805,8383.299805,125200.0
8405.25,8408.0,8320.349609,8357.849609,8357.849609,127400.0
8360.700195,8400.650391,8346.799805,8389.900391,8389.900391,146800.0
8378.400391,8438.099609,8349.099609,8430.75,8430.75,113900.0
8441.25,8454.5,8407.25,8425.900391,8425.900391,134700.0
8440.650391,8455.650391,8360.5,8382.299805,8382.299805,125400.0
8406.5,8410.849609,8353.150391,8401.900391,8401.900391,122800.0
8408.200195,8489.799805,8398.599609,8477.349609,8477.349609,137000.0
8490.950195,8534.650391,8490.799805,8530.150391,8530.150391,140700.0
8530.799805,8535.349609,8429.450195,8463.099609,8463.099609,271900.0
8450.299805,8500.299805,8438.650391,8475.75,8475.75,151900.0
8477.799805,8506.75,8456.349609,8494.200195,8494.200195,194300.0
8516.799805,8617.0,8516.25,8588.25,8588.25,197200.0
8605.099609,8623.0,8545.150391,8555.900391,8555.900391,152000.0
8535.450195,8560.200195,8504.650391,8524.700195,8524.700195,137400.0
8528.700195,8546.950195,8508.349609,8537.650391,8537.650391,153200.0
8582.400391,8626.950195,8526.400391,8564.400391,8564.400391,143500.0
8584.25,8588.349609,8523.900391,8538.299805,8538.299805,143300.0
8538.650391,8546.349609,8432.25,8438.25,8438.25,163800.0
8439.299805,8444.5,8330.5,8340.700195,8340.700195,146300.0
8318.049805,8376.799805,8317.0,8355.650391,8355.650391,136700.0
8338.849609,8348.299805,8272.400391,8292.900391,8292.900391,133900.0
8302.0,8321.900391,8216.299805,8224.099609,8224.099609,138100.0
8160.75,8242.400391,8152.5,8219.599609,8219.599609,137100.0
8172.600098000001,8189.350098000001,8052.600098000001,8067.600098000001,8067.600098000001,197300.0
8041.200195,8082.0,7961.350098000001,8029.799805,8029.799805,216200.0
8138.899901999999,8174.299805,8084.899901999999,8159.299805,8159.299805,162100.0
8230.450195,8263.450195,8208.599609,8225.200195,8225.200195,174800.0
8255.0,8330.950195,8228.200195,8324.0,8324.0,139200.0
8324.599609,8364.75,8252.849609,8267.0,8267.0,132200.0
8272.049805,8286.400391,8155.25,8174.100098000001,8174.100098000001,221900.0
8204.799805,8234.549805,8147.950195,8200.700195,8200.700195,75500.0
8214.700195,8279.150391,8214.700195,8246.299805,8246.299805,82100.0
8260.299805,8268.25,8220.549805,8248.25,8248.25,77700.0
8243.900391,8291.0,8243.75,8282.700195,8282.700195,84500.0
8288.700195,8410.599609,8288.700195,8395.450195,8395.450195,101900.0
8407.950195,8445.599609,8363.900391,8378.400391,8378.400391,118200.0
8325.299805,8327.849609,8111.350098000001,8127.350098000001,8127.350098000001,172800.0
8118.649901999999,8151.200195,8065.450195,8102.100098000001,8102.100098000001,164100.0
8191.399901999999,8243.5,8167.299805,8234.599609,8234.599609,143800.0
8285.450195,8303.299805,8190.799805,8284.5,8284.5,148000.0
8291.349609,8332.599609,8245.599609,8323.0,8323.0,103200.0
8346.150391,8356.650391,8267.900391,8299.400391,8299.400391,129600.0
8307.25,8326.450195,8236.650391,8277.549805,8277.549805,146100.0
8424.5,8527.099609,8380.549805,8494.150391,8494.150391,232100.0
8504.049805,8530.75,8452.25,8513.799805,8513.799805,176000.0
8550.049805,8570.950195,8531.5,8550.700195,8550.700195,125400.0
8575.099609,8707.900391,8574.5,8695.599609,8695.599609,158700.0
8719.650391,8741.849609,8689.599609,8729.5,8729.5,185900.0
8745.849609,8774.150391,8727.0,8761.400391,8761.400391,175500.0
8827.950195,8866.400391,8795.400391,8835.599609,8835.599609,191200.0
8871.349609,8925.049805,8825.450195,8910.5,8910.5,192000.0
8902.75,8985.049805,8874.049805,8914.299805,8914.299805,185100.0
8901.5,8966.650391,8861.25,8952.349609,8952.349609,256300.0
8996.599609,8996.599609,8775.099609,8808.900391,8808.900391,267300.0
8802.5,8840.799805,8751.099609,8797.400391,8797.400391,210100.0
8823.150391,8837.299805,8726.650391,8756.549805,8756.549805,208700.0
8789.150391,8792.849609,8704.400391,8723.700195,8723.700195,195300.0
8733.099609,8838.450195,8683.650391,8711.700195,8711.700195,173600.0
8696.849609,8726.200195,8645.549805,8661.049805,8661.049805,171300.0
8584.400391,8605.549805,8516.349609,8526.349609,8526.349609,146800.0
8478.099609,8646.25,8470.5,8565.549805,8565.549805,196200.0
8603.299805,8651.950195,8593.650391,8627.400391,8627.400391,161600.0
8676.950195,8732.549805,8599.25,8711.549805,8711.549805,158800.0
8741.5,8822.099609,8729.650391,8805.5,8805.5,221900.0
8831.400391,8870.099609,8793.400391,8809.349609,8809.349609,136400.0
8811.549805,8894.299805,8808.900391,8869.099609,8869.099609,147600.0
8883.049805,8913.450195,8794.450195,8895.299805,8895.299805,213300.0
8895.5,8899.950195,8816.299805,8833.599609,8833.599609,197600.0
8856.849609,8869.0,8736.099609,8754.950195,8754.950195,139600.0
8772.900391,8800.5,8726.75,8762.099609,8762.099609,149800.0
8801.900391,8840.650391,8751.400391,8767.25,8767.25,135200.0
8779.0,8786.049805,8669.450195,8683.849609,8683.849609,217500.0
8729.5,8856.950195,8717.450195,8844.599609,8844.599609,249500.0
8953.849609,8972.349609,8885.450195,8956.75,8956.75,218100.0
8962.849609,9008.400391,8925.549805,8996.25,8996.25,177800.0
9109.150391,9119.200195,8893.950195,8922.650391,8922.650391,248400.0
8929.400391,8957.549805,8849.349609,8937.75,8937.75,160100.0
8891.150391,8891.299805,8740.450195,8756.75,8756.75,155500.0
8769.75,8778.0,8677.349609,8712.049805,8712.049805,163800.0
8728.75,8755.599609,8682.349609,8699.950195,8699.950195,172800.0
8740.650391,8787.200195,8732.900391,8776.0,8776.0,173900.0
8844.049805,8849.75,8631.75,8647.75,8647.75,179200.0
8656.75,8663.549805,8612.0,8633.150391,8633.150391,163300.0
8689.099609,8742.549805,8630.799805,8723.299805,8723.299805,177000.0
8742.900391,8747.25,8664.0,8685.900391,8685.900391,156400.0
8749.450195,8788.200195,8614.650391,8634.650391,8634.650391,163500.0
8627.900391,8627.900391,8553.0,8570.900391,8570.900391,174600.0
8591.549805,8608.349609,8540.549805,8550.900391,8550.900391,150700.0
8537.049805,8627.75,8535.849609,8542.950195,8542.950195,156700.0
8568.900391,8573.75,8516.549805,8530.799805,8530.799805,161000.0
8474.950195,8499.450195,8325.349609,8342.150391,8342.150391,280100.0
8396.0,8413.200195,8269.150391,8341.400391,8341.400391,193000.0
8390.950195,8492.299805,8380.75,8492.299805,8492.299805,134700.0
8527.599609,8550.450195,8454.150391,8491.0,8491.0,167200.0
8483.700195,8603.400391,8464.75,8586.25,8586.25,125500.0
8615.799805,8667.549805,8573.75,8659.900391,8659.900391,146900.0
8684.450195,8693.599609,8586.849609,8660.299805,8660.299805,148700.0
8698.950195,8730.5,8679.799805,8714.400391,8714.400391,148200.0
8756.200195,8785.5,8682.450195,8778.299805,8778.299805,152700.0
8774.349609,8787.400391,8733.599609,8780.349609,8780.349609,139000.0
8801.75,8841.650391,8762.099609,8834.0,8834.0,121600.0
8757.049805,8760.0,8645.650391,8706.700195,8706.700195,142900.0
8698.049805,8699.849609,8596.700195,8606.0,8606.0,150400.0
8618.799805,8619.950195,8422.75,8448.099609,8448.099609,148900.0
8416.099609,8469.349609,8352.700195,8377.75,8377.75,407800.0
8400.400391,8449.950195,8284.700195,8429.700195,8429.700195,171800.0
8478.200195,8504.950195,8361.849609,8398.299805,8398.299805,156000.0
8405.700195,8413.299805,8273.349609,8305.25,8305.25,173600.0
8330.549805,8334.450195,8202.349609,8213.799805,8213.799805,171500.0
8215.549805,8308.0,8185.149901999999,8285.599609,8285.599609,174600.0
8274.799805,8308.200195,8219.200195,8239.75,8239.75,160400.0
8224.5,8229.400391,8144.75,8181.5,8181.5,267700.0
8230.049805,8346.0,8220.450195,8331.950195,8331.950195,131700.0
8338.400391,8355.650391,8280.599609,8324.799805,8324.799805,155500.0
8316.599609,8331.950195,8083.0,8097.0,8097.0,209600.0
8077.0,8122.600098000001,7997.149901999999,8057.299805,8057.299805,161600.0
8131.5,8224.950195,8123.450195,8191.5,8191.5,183100.0
8243.200195,8332.75,8224.650391,8325.25,8325.25,192000.0
8326.150391,8326.650391,8115.299805,8126.950195,8126.950195,173400.0
8181.549805,8254.950195,8089.799805,8235.450195,8235.450195,169800.0
8232.450195,8236.25,8137.299805,8224.200195,8224.200195,134800.0
8240.299805,8279.200195,8212.200195,8262.349609,8262.349609,129800.0
8284.950195,8384.599609,8271.950195,8373.650391,8373.650391,148700.0
8356.200195,8427.799805,8335.0,8365.650391,8365.650391,140300.0
8392.650391,8440.349609,8391.450195,8423.25,8423.25,123600.0
8434.5,8446.349609,8382.5,8421.0,8421.0,143800.0
8432.5,8489.549805,8420.599609,8458.950195,8458.950195,187300.0
8438.150391,8441.950195,8364.150391,8370.25,8370.25,121300.0
8377.099609,8378.900391,8320.049805,8339.349609,8339.349609,116800.0
8302.75,8342.849609,8277.950195,8334.599609,8334.599609,165500.0
8345.700195,8364.5,8270.150391,8319.0,8319.0,232300.0
8327.099609,8443.900391,8305.700195,8433.650391,8433.650391,363900.0
8417.25,8467.150391,8405.400391,8433.400391,8433.400391,122200.0
8442.799805,8445.349609,8226.049805,8236.450195,8236.450195,146800.0
8232.450195,8236.700195,8094.149901999999,8135.100098000001,8135.100098000001,171400.0
8155.149901999999,8160.049805,8056.75,8130.649901999999,8130.649901999999,154700.0
8119.149901999999,8191.0,8100.149901999999,8114.700195,8114.700195,162100.0
8124.350098000001,8131.0,8030.549805,8044.149901999999,8044.149901999999,135900.0
8026.5,8057.149901999999,8005.149901999999,8022.399901999999,8022.399901999999,136000.0
8024.149901999999,8152.25,8023.799805,8124.450195,8124.450195,136800.0
8157.299805,8163.049805,7958.25,7965.350098000001,7965.350098000001,166200.0
7959.850098000001,7995.600098000001,7940.299805,7982.899901999999,7982.899901999999,136600.0
7986.600098000001,8057.700195,7944.850098000001,8013.899901999999,8013.899901999999,133000.0
8004.200195,8061.850098000001,7952.350098000001,8047.299805,8047.299805,124000.0
8084.200195,8136.850098000001,8048.950195,8091.549805,8091.549805,152500.0
8113.700195,8186.899901999999,8101.799805,8174.600098000001,8174.600098000001,144800.0
8201.150391,8250.799805,8195.650391,8224.950195,8224.950195,147100.0
8259.299805,8369.450195,8257.400391,8353.099609,8353.099609,122700.0
8377.450195,8398.450195,8334.950195,8381.549805,8381.549805,131700.0
8399.400391,8421.349609,8338.900391,8360.849609,8360.849609,130100.0
8336.25,8423.150391,8329.5,8398.0,8398.0,201200.0
8393.950195,8408.549805,8339.700195,8381.099609,8381.099609,110600.0
8247.049805,8329.450195,8195.650391,8318.400391,8318.400391,132000.0
8316.349609,8378.0,8298.950195,8368.5,8368.5,158500.0
8376.25,8481.599609,8370.150391,8453.049805,8453.049805,131800.0
8471.950195,8479.25,8433.200195,8444.900391,8444.900391,112000.0
8440.099609,8497.75,8424.150391,8484.900391,8484.900391,88400.0
8386.150391,8533.150391,8386.150391,8522.150391,8522.150391,101500.0
8525.5,8561.349609,8483.849609,8510.799805,8510.799805,122200.0
8439.200195,8457.5,8341.400391,8363.049805,8363.049805,188100.0
8364.849609,8400.299805,8323.0,8328.549805,8328.549805,131300.0
8365.700195,8377.099609,8315.400391,8360.549805,8360.549805,154100.0
8397.25,8471.650391,8355.400391,8459.650391,8459.650391,117800.0
8470.599609,8480.25,8424.099609,8454.099609,8454.099609,101700.0
8463.400391,8531.400391,8462.950195,8523.799805,8523.799805,105500.0
8546.150391,8616.099609,8542.900391,8608.049805,8608.049805,116000.0
8623.650391,8642.950195,8593.150391,8609.849609,8609.849609,105000.0
8623.900391,8624.099609,8559.0,8603.450195,8603.450195,90600.0
8601.5,8646.75,8517.900391,8529.450195,8529.450195,164100.0
8512.25,8643.900391,8498.650391,8633.5,8633.5,136800.0
8643.950195,8654.75,8573.799805,8589.799805,8589.799805,132900.0
8588.150391,8589.150391,8513.5,8521.549805,8521.549805,127400.0
8492.099609,8492.200195,8351.549805,8361.0,8361.0,136600.0
8371.099609,8397.400391,8321.75,8337.0,8337.0,174600.0
8365.599609,8381.5,8338.450195,8375.049805,8375.049805,141000.0
8417.0,8458.900391,8408.299805,8421.799805,8421.799805,215200.0
8456.099609,8548.950195,8448.0,8532.849609,8532.849609,203300.0
8510.650391,8563.950195,8508.099609,8543.049805,8543.049805,156700.0
8564.099609,8565.150391,8448.25,8516.900391,8516.900391,187400.0
8547.450195,8591.849609,8545.849609,8567.950195,8567.950195,132800.0
8585.799805,8606.299805,8551.5,8588.650391,8588.650391,134900.0
8580.799805,8595.950195,8552.700195,8564.599609,8564.599609,143700.0
8577.0,8621.549805,8497.799805,8525.599609,8525.599609,123400.0
8548.450195,8556.25,8441.299805,8462.349609,8462.349609,154400.0
8445.700195,8446.950195,8337.950195,8349.450195,8349.450195,190000.0
8384.450195,8429.5,8339.75,8355.849609,8355.849609,189200.0
8402.349609,8530.099609,8381.200195,8518.549805,8518.549805,155900.0
8530.5,8530.599609,8428.049805,8477.299805,8477.299805,174700.0
8505.849609,8525.75,8433.599609,8466.549805,8466.549805,153300.0
8468.049805,8520.450195,8425.950195,8495.150391,8495.150391,130500.0
8471.049805,8501.349609,8359.75,8372.75,8372.75,184100.0
8305.400391,8322.200195,8225.049805,8299.950195,8299.950195,201300.0
8055.950195,8060.049805,7769.399901999999,7809.0,7809.0,312400.0
7895.399901999999,7925.399901999999,7667.25,7880.700195,7880.700195,299100.0
7865.25,7930.049805,7777.100098000001,7791.850098000001,7791.850098000001,216600.0
7921.600098000001,7963.600098000001,7862.299805,7948.950195,7948.950195,305000.0
8053.700195,8091.799805,7961.649901999999,8001.950195,8001.950195,195600.0
8009.25,8043.600098000001,7947.950195,7971.299805,7971.299805,198200.0
7907.950195,7929.100098000001,7746.5,7785.850098000001,7785.850098000001,184900.0
7856.649901999999,7862.549805,7699.25,7717.0,7717.0,215300.0
7774.450195,7845.600098000001,7754.049805,7823.0,7823.0,155800.0
7803.399901999999,7804.899901999999,7626.850098000001,7655.049805,7655.049805,193600.0
7685.850098000001,7705.049805,7545.899901999999,7558.799805,7558.799805,141400.0
7587.700195,7720.899901999999,7539.5,7688.25,7688.25,172200.0
7805.850098000001,7846.049805,7764.549805,7818.600098000001,7818.600098000001,208400.0
7729.049805,7819.850098000001,7678.5,7788.100098000001,7788.100098000001,160300.0
7833.799805,7864.850098000001,7759.899901999999,7789.299805,7789.299805,136400.0
7811.100098000001,7879.950195,7761.850098000001,7872.25,7872.25,122800.0
7867.350098000001,7880.0,7799.75,7829.100098000001,7829.100098000001,136500.0
7886.850098000001,7913.899901999999,7853.299805,7899.149901999999,7899.149901999999,140000.0
7967.450195,8055.0,7955.850098000001,7981.899901999999,7981.899901999999,241800.0
7911.5,7987.899901999999,7908.350098000001,7977.100098000001,7977.100098000001,121800.0
8014.799805,8021.600098000001,7787.75,7812.0,7812.0,168400.0
7737.350098000001,7882.899901999999,7723.25,7845.950195,7845.950195,146700.0
7838.399901999999,7894.5,7804.100098000001,7868.5,7868.5,202500.0
7892.799805,7893.950195,7787.950195,7795.700195,7795.700195,136300.0
7725.700195,7926.549805,7691.200195,7843.299805,7843.299805,240700.0
7924.25,7957.700195,7874.5,7948.899901999999,7948.899901999999,210700.0
7992.049805,8008.25,7930.649901999999,7950.899901999999,7950.899901999999,156900.0
8005.100098000001,8128.899901999999,8005.100098000001,8119.299805,8119.299805,183100.0
8180.450195,8180.950195,8096.5,8152.899901999999,8152.899901999999,178500.0
8146.200195,8188.899901999999,8132.899901999999,8177.399901999999,8177.399901999999,193900.0
8196.75,8196.75,8105.850098000001,8129.350098000001,8129.350098000001,171700.0
8186.350098000001,8232.200195,8139.649901999999,8189.700195,8189.700195,199700.0
8231.5,8244.5,8128.200195,8143.600098000001,8143.600098000001,199100.0
8121.950195,8150.25,8088.600098000001,8131.700195,8131.700195,145900.0
8102.399901999999,8139.299805,8096.350098000001,8107.899901999999,8107.899901999999,138900.0
8134.350098000001,8190.549805,8129.799805,8179.5,8179.5,167200.0
8193.650391,8246.400391,8147.649901999999,8238.150391,8238.150391,156400.0
8262.549805,8283.049805,8239.200195,8275.049805,8275.049805,124500.0
8280.299805,8294.049805,8229.200195,8261.650391,8261.650391,155100.0
8258.349609,8294.400391,8217.150391,8251.700195,8251.700195,144800.0
8308.25,8328.099609,8280.75,8295.450195,8295.450195,152000.0
8333.650391,8336.299805,8252.049805,8260.549805,8260.549805,133900.0
8230.349609,8241.950195,8217.049805,8232.900391,8232.900391,156700.0
8188.899901999999,8209.099609,8131.799805,8171.200195,8171.200195,188900.0
8175.450195,8179.600098000001,8098.0,8111.75,8111.75,217500.0
8123.549805,8146.100098000001,8044.399901999999,8065.799805,8065.799805,199500.0
8054.549805,8060.700195,7995.600098000001,8050.799805,8050.799805,136100.0
8086.350098000001,8100.350098000001,8031.75,8060.700195,8060.700195,132500.0
8104.899901999999,8116.100098000001,8027.299805,8040.200195,8040.200195,122100.0
8030.350098000001,8031.200195,7944.100098000001,7955.450195,7955.450195,132100.0
7956.549805,8002.649901999999,7926.149901999999,7954.299805,7954.299805,219500.0
7788.25,7937.75,7771.700195,7915.200195,7915.200195,211800.0
7877.600098000001,7885.100098000001,7772.850098000001,7783.350098000001,7783.350098000001,165200.0
7762.450195,7775.100098000001,7730.899901999999,7762.25,7762.25,160900.0
7732.950195,7838.850098000001,7714.149901999999,7806.600098000001,7806.600098000001,149500.0
7848.75,7860.450195,7793.0,7837.549805,7837.549805,145000.0
7823.149901999999,7843.399901999999,7725.049805,7731.799805,7731.799805,143600.0
7788.5,7854.899901999999,7765.450195,7842.75,7842.75,132600.0
7841.899901999999,7906.950195,7817.799805,7856.549805,7856.549805,151900.0
7869.5,7877.5,7825.200195,7849.25,7849.25,127000.0
7837.0,7870.350098000001,7812.649901999999,7831.600098000001,7831.600098000001,130600.0
7837.149901999999,7897.100098000001,7832.0,7883.799805,7883.799805,219800.0
7910.600098000001,7959.299805,7879.450195,7942.700195,7942.700195,150300.0
7936.25,7966.0,7922.799805,7935.25,7935.25,216300.0
7958.149901999999,7972.149901999999,7934.149901999999,7954.899901999999,7954.899901999999,138600.0
7976.700195,7979.299805,7910.799805,7931.350098000001,7931.350098000001,126300.0
7902.299805,7912.299805,7853.299805,7864.149901999999,7864.149901999999,125700.0
7817.600098000001,7821.399901999999,7775.700195,7781.899901999999,7781.899901999999,152500.0
7816.549805,7825.399901999999,7746.049805,7765.399901999999,7765.399901999999,137600.0
7738.5,7771.25,7685.450195,7701.700195,7701.700195,135100.0
7695.5,7702.850098000001,7606.899901999999,7612.5,7612.5,140000.0
7643.299805,7691.950195,7610.0,7683.299805,7683.299805,140800.0
7699.600098000001,7703.049805,7575.299805,7610.450195,7610.450195,167800.0
7558.200195,7663.950195,7551.049805,7650.049805,7650.049805,148900.0
7659.149901999999,7705.0,7625.100098000001,7700.899901999999,7700.899901999999,134300.0
7725.25,7776.600098000001,7715.75,7750.899901999999,7750.899901999999,154300.0
7783.049805,7852.899901999999,7737.549805,7844.350098000001,7844.350098000001,175900.0
7828.899901999999,7836.149901999999,7753.350098000001,7761.950195,7761.950195,191400.0
7745.649901999999,7840.75,7733.450195,7834.450195,7834.450195,126300.0
7829.399901999999,7846.299805,7776.850098000001,7786.100098000001,7786.100098000001,125700.0
7830.450195,7871.450195,7826.100098000001,7865.950195,7865.950195,117900.0
7888.75,7888.75,7835.5,7861.049805,7861.049805,93500.0
7863.200195,7937.200195,7863.0,7925.149901999999,7925.149901999999,122900.0
7929.200195,7942.149901999999,7902.75,7928.950195,7928.950195,113000.0
7938.600098000001,7944.75,7889.850098000001,7896.25,7896.25,106800.0
7897.799805,7955.549805,7891.149901999999,7946.350098000001,7946.350098000001,150900.0
7924.549805,7937.549805,7781.100098000001,7791.299805,7791.299805,134700.0
7828.399901999999,7831.200195,7763.25,7784.649901999999,7784.649901999999,145200.0
7788.049805,7800.950195,7721.200195,7741.0,7741.0,147100.0
7673.350098000001,7674.950195,7556.600098000001,7568.299805,7568.299805,188900.0
7611.649901999999,7634.100098000001,7581.049805,7601.350098000001,7601.350098000001,157400.0
7527.450195,7605.100098000001,7494.350098000001,7563.850098000001,7563.850098000001,189000.0
7587.200195,7588.299805,7487.799805,7510.299805,7510.299805,163900.0
7557.899901999999,7590.950195,7425.799805,7562.399901999999,7562.399901999999,215200.0
7467.399901999999,7604.799805,7443.799805,7536.799805,7536.799805,200800.0
7561.649901999999,7566.5,7427.299805,7437.799805,7437.799805,197500.0
7420.350098000001,7463.649901999999,7336.399901999999,7351.0,7351.0,233600.0
7381.799805,7462.75,7364.149901999999,7435.100098000001,7435.100098000001,188300.0
7357.0,7470.899901999999,7241.5,7309.299805,7309.299805,225600.0
7376.649901999999,7398.700195,7250.0,7276.799805,7276.799805,240700.0
7355.700195,7433.399901999999,7327.600098000001,7422.450195,7422.450195,229200.0
7468.75,7487.149901999999,7421.200195,7436.149901999999,7436.149901999999,163200.0
7469.600098000001,7477.899901999999,7419.700195,7437.75,7437.75,187600.0
7426.5,7468.850098000001,7409.600098000001,7424.649901999999,7424.649901999999,274500.0
7413.350098000001,7575.649901999999,7402.799805,7563.549805,7563.549805,298700.0
7589.5,7600.450195,7541.25,7555.950195,7555.950195,200400.0
7566.649901999999,7576.299805,7428.049805,7455.549805,7455.549805,230200.0
7392.450195,7419.399901999999,7350.299805,7361.799805,7361.799805,192000.0
7411.450195,7457.049805,7365.950195,7404.0,7404.0,222700.0
7418.25,7503.149901999999,7406.649901999999,7489.100098000001,7489.100098000001,249800.0
7489.700195,7512.549805,7363.200195,7387.25,7387.25,171500.0
7303.950195,7323.450195,7275.149901999999,7298.200195,7298.200195,212100.0
7264.299805,7271.850098000001,7177.75,7215.700195,7215.700195,246900.0
7203.600098000001,7208.649901999999,6959.950195,6976.350098000001,6976.350098000001,292300.0
7023.649901999999,7034.799805,6869.0,6980.950195,6980.950195,333900.0
7057.350098000001,7182.799805,7056.799805,7162.950195,7162.950195,354200.0
7201.25,7204.649901999999,7037.700195,7048.25,7048.25,253800.0
7058.850098000001,7123.700195,6960.649901999999,7108.450195,7108.450195,260000.0
7177.399901999999,7215.100098000001,7127.850098000001,7191.75,7191.75,246700.0
7170.549805,7226.850098000001,7145.950195,7210.75,7210.75,192300.0
7208.850098000001,7252.399901999999,7200.700195,7234.549805,7234.549805,154400.0
7240.299805,7241.700195,7090.700195,7109.549805,7109.549805,194400.0
7075.0,7090.799805,7009.75,7018.700195,7018.700195,199700.0
7029.850098000001,7034.200195,6961.399901999999,6970.600098000001,6970.600098000001,283100.0
7039.299805,7052.899901999999,6985.100098000001,7029.75,7029.75,206700.0
7050.450195,7094.600098000001,6825.799805,6987.049805,6987.049805,473400.0
7038.25,7235.5,7035.100098000001,7222.299805,7222.299805,275100.0
7321.700195,7380.350098000001,7308.149901999999,7368.850098000001,7368.850098000001,338500.0
7429.549805,7483.950195,7406.049805,7475.600098000001,7475.600098000001,278600.0
7505.399901999999,7505.899901999999,7444.100098000001,7485.350098000001,7485.350098000001,281700.0
7486.399901999999,7527.149901999999,7442.149901999999,7485.299805,7485.299805,257000.0
7436.100098000001,7539.0,7424.299805,7531.799805,7531.799805,245100.0
7545.350098000001,7547.100098000001,7447.399901999999,7486.149901999999,7486.149901999999,224700.0
7484.850098000001,7543.950195,7460.600098000001,7510.200195,7510.200195,198700.0
7542.600098000001,7583.700195,7515.049805,7538.75,7538.75,166900.0
7535.850098000001,7545.200195,7452.799805,7460.600098000001,7460.600098000001,193700.0
7457.049805,7508.0,7405.149901999999,7498.75,7498.75,195400.0
7557.399901999999,7585.299805,7479.399901999999,7512.549805,7512.549805,239600.0
7534.649901999999,7613.600098000001,7517.899901999999,7604.350098000001,7604.350098000001,237400.0
7619.200195,7713.549805,7617.700195,7704.25,7704.25,196800.0
7695.549805,7728.200195,7643.799805,7714.899901999999,7714.899901999999,208900.0
7717.450195,7726.850098000001,7670.600098000001,7716.5,7716.5,199600.0
7741.0,7749.399901999999,7587.700195,7615.100098000001,7615.100098000001,242400.0
7606.549805,7652.899901999999,7582.25,7597.0,7597.0,216800.0
7651.100098000001,7741.950195,7643.450195,7735.200195,7735.200195,232600.0
7727.649901999999,7777.600098000001,7702.0,7738.399901999999,7738.399901999999,380100.0
7718.049805,7740.149901999999,7666.100098000001,7713.049805,7713.049805,183900.0
7733.149901999999,7764.450195,7704.399901999999,7758.799805,7758.799805,155500.0
7736.299805,7736.299805,7588.649901999999,7603.200195,7603.200195,203800.0
7636.049805,7638.649901999999,7591.75,7614.350098000001,7614.350098000001,165600.0
7630.399901999999,7630.75,7535.850098000001,7546.450195,7546.450195,234400.0
7542.350098000001,7569.350098000001,7526.700195,7555.200195,7555.200195,143400.0
7577.799805,7678.799805,7516.850098000001,7671.399901999999,7671.399901999999,179800.0
7669.25,7717.399901999999,7663.350098000001,7708.950195,7708.950195,163400.0
7777.149901999999,7864.799805,7772.200195,7850.450195,7850.450195,220400.0
7908.149901999999,7920.600098000001,7842.75,7914.700195,7914.700195,184600.0
7950.049805,7950.399901999999,7877.549805,7914.75,7914.75,205300.0
7953.649901999999,7978.450195,7884.100098000001,7912.049805,7912.049805,223700.0
7891.799805,7923.350098000001,7873.350098000001,7899.299805,7899.299805,183300.0
7894.799805,7911.0,7827.0,7855.049805,7855.049805,146300.0
7828.149901999999,7974.5,7822.549805,7962.649901999999,7962.649901999999,202400.0
7942.0,7991.0,7940.549805,7979.899901999999,7979.899901999999,206800.0
7967.399901999999,7992.0,7834.450195,7847.25,7847.25,292500.0
7844.25,7889.049805,7788.700195,7849.799805,7849.799805,243700.0
7822.700195,7829.799805,7777.299805,7805.899901999999,7805.899901999999,146300.0
7824.799805,7890.25,7735.149901999999,7747.0,7747.0,186500.0
7724.149901999999,7749.0,7697.25,7706.549805,7706.549805,199700.0
7731.0,7777.549805,7706.850098000001,7735.5,7735.5,185100.0
7717.649901999999,7738.899901999999,7678.350098000001,7733.450195,7733.450195,163600.0
7755.25,7873.649901999999,7753.549805,7866.049805,7866.049805,160600.0
7873.549805,7896.899901999999,7837.700195,7887.799805,7887.799805,162000.0
7804.649901999999,7893.100098000001,7780.899901999999,7848.850098000001,7848.850098000001,214100.0
7871.450195,7916.049805,7849.649901999999,7900.399901999999,7900.399901999999,152700.0
7881.0,7881.0,7784.200195,7814.899901999999,7814.899901999999,179500.0
7831.200195,7873.899901999999,7772.149901999999,7860.75,7860.75,205200.0
7896.850098000001,7940.100098000001,7879.700195,7890.75,7890.75,183400.0
7846.75,7882.049805,7810.75,7870.149901999999,7870.149901999999,156400.0
7875.5,7876.200195,7766.799805,7783.399901999999,7783.399901999999,170400.0
7792.200195,7812.399901999999,7735.75,7749.700195,7749.700195,157000.0
7813.950195,7820.600098000001,7722.200195,7731.049805,7731.049805,172000.0
7738.049805,7761.549805,7715.799805,7748.850098000001,7748.850098000001,147000.0
7811.799805,7941.200195,7809.299805,7934.899901999999,7934.899901999999,176200.0
7974.450195,8083.0,7948.5,8069.649901999999,8069.649901999999,264300.0
8081.950195,8164.200195,8077.049805,8156.649901999999,8156.649901999999,260900.0
8166.5,8200.0,8150.799805,8178.5,8178.5,247400.0
8209.849609,8213.599609,8134.299805,8160.100098000001,8160.100098000001,471000.0
8179.200195,8215.349609,8171.049805,8179.950195,8179.950195,194400.0
8156.899901999999,8229.5,8154.75,8218.950195,8218.950195,181700.0
8246.200195,8262.0,8209.849609,8220.799805,8220.799805,379000.0
8228.75,8234.700195,8186.049805,8201.049805,8201.049805,171600.0
8235.549805,8294.950195,8216.400391,8266.450195,8266.450195,241900.0
8285.5,8288.900391,8252.049805,8273.049805,8273.049805,174300.0
8273.349609,8273.349609,8184.600098000001,8203.599609,8203.599609,174900.0
8180.25,8265.599609,8162.850098000001,8170.049805,8170.049805,182200.0
8102.25,8125.25,8063.899901999999,8110.600098000001,8110.600098000001,169700.0
8134.399901999999,8134.950195,8069.5,8108.850098000001,8108.850098000001,145500.0
8139.399901999999,8213.200195,8123.149901999999,8206.599609,8206.599609,169800.0
8180.649901999999,8180.649901999999,8074.450195,8140.75,8140.75,189200.0
8176.649901999999,8195.25,8135.799805,8170.200195,8170.200195,166600.0
8115.75,8244.150391,8107.350098000001,8238.5,8238.5,168600.0
8255.400391,8257.25,8202.150391,8219.900391,8219.900391,137000.0
8213.650391,8238.349609,8153.25,8203.700195,8203.700195,136100.0
8201.150391,8285.599609,8188.299805,8270.450195,8270.450195,154100.0
8029.100098000001,8100.700195,7927.049805,8088.600098000001,8088.600098000001,297600.0
8039.350098000001,8120.649901999999,8039.350098000001,8094.700195,8094.700195,162500.0
8096.049805,8146.350098000001,8086.850098000001,8127.850098000001,8127.850098000001,170400.0
8173.100098000001,8212.400391,8157.649901999999,8204.0,8204.0,147000.0
8260.25,8308.150391,8242.099609,8287.75,8287.75,279400.0
8313.049805,8356.75,8308.650391,8328.349609,8328.349609,165500.0
8376.75,8398.450195,8364.700195,8370.700195,8370.700195,154200.0
8379.299805,8381.450195,8319.950195,8335.950195,8335.950195,139000.0
8342.0,8361.950195,8317.700195,8337.900391,8337.900391,155500.0
8350.0,8353.299805,8287.549805,8323.200195,8323.200195,137900.0
8413.349609,8475.25,8407.049805,8467.900391,8467.900391,149800.0
8502.599609,8526.599609,8479.200195,8521.049805,8521.049805,183600.0
8540.450195,8550.25,8493.549805,8519.5,8519.5,195500.0
8515.75,8571.400391,8500.700195,8565.0,8565.0,153900.0
8565.450195,8594.799805,8510.049805,8541.400391,8541.400391,221700.0
8564.049805,8587.099609,8494.349609,8508.700195,8508.700195,164300.0
8514.299805,8540.049805,8476.700195,8528.549805,8528.549805,167900.0
8515.450195,8569.900391,8512.549805,8565.849609,8565.849609,160300.0
8582.700195,8585.25,8503.450195,8510.099609,8510.099609,150000.0
8519.650391,8548.950195,8489.799805,8541.200195,8541.200195,143200.0
8519.950195,8641.150391,8517.200195,8635.650391,8635.650391,150000.0
8633.75,8644.900391,8577.150391,8590.650391,8590.650391,154800.0
8599.400391,8665.0,8572.049805,8615.799805,8615.799805,184100.0
8636.950195,8674.700195,8625.25,8666.299805,8666.299805,233500.0
8668.299805,8670.349609,8631.150391,8638.5,8638.5,157000.0
8654.299805,8711.299805,8590.5,8636.549805,8636.549805,188400.0
8647.450195,8687.200195,8611.400391,8622.900391,8622.900391,169400.0
8635.200195,8635.450195,8529.599609,8544.849609,8544.849609,163000.0
8599.950195,8601.400391,8518.150391,8551.099609,8551.099609,164700.0
8600.200195,8689.400391,8590.150391,8683.150391,8683.150391,157900.0
8712.849609,8723.5,8697.599609,8711.349609,8711.349609,172600.0
8727.799805,8728.349609,8638.200195,8678.25,8678.25,200100.0
8686.700195,8690.099609,8564.599609,8575.299805,8575.299805,173600.0
8572.799805,8601.150391,8540.049805,8592.150391,8592.150391,189200.0
8670.25,8682.349609,8600.450195,8642.549805,8642.549805,224800.0
8639.799805,8667.099609,8603.599609,8624.049805,8624.049805,174100.0
8648.849609,8690.700195,8645.049805,8673.25,8673.25,164300.0
8694.299805,8696.599609,8647.099609,8666.900391,8666.900391,191900.0
8667.0,8684.849609,8614.0,8629.150391,8629.150391,152300.0
8628.349609,8642.150391,8580.0,8632.599609,8632.599609,187500.0
8648.5,8661.049805,8620.900391,8650.299805,8650.299805,149600.0
8668.849609,8683.049805,8583.650391,8592.200195,8592.200195,213100.0
8614.349609,8622.950195,8547.549805,8572.549805,8572.549805,147500.0
8583.75,8622.0,8543.75,8607.450195,8607.450195,129700.0
8646.75,8750.599609,8642.25,8744.349609,8744.349609,150200.0
8754.049805,8819.200195,8754.049805,8786.200195,8786.200195,362200.0
8793.599609,8813.25,8759.950195,8774.650391,8774.650391,238900.0
8796.349609,8824.099609,8768.200195,8809.650391,8809.650391,191500.0
8852.700195,8950.849609,8848.450195,8943.0,8943.0,195600.0
8968.700195,8968.700195,8913.349609,8917.950195,8917.950195,290100.0
8915.5,8960.349609,8896.0,8952.5,8952.5,217200.0
8934.299805,8939.150391,8858.700195,8866.700195,8866.700195,175900.0
8732.950195,8746.950195,8699.400391,8715.599609,8715.599609,184500.0
8710.650391,8739.849609,8688.900391,8726.599609,8726.599609,184300.0
8743.849609,8751.950195,8704.349609,8742.549805,8742.549805,145400.0
8780.849609,8847.650391,8750.5,8779.849609,8779.849609,265800.0
8788.450195,8824.299805,8774.200195,8808.400391,8808.400391,131700.0
8816.099609,8816.450195,8759.299805,8775.900391,8775.900391,136500.0
8790.299805,8826.849609,8757.299805,8777.150391,8777.150391,148800.0
8873.349609,8893.349609,8837.799805,8867.450195,8867.450195,172800.0
8880.75,8885.200195,8820.299805,8831.549805,8831.549805,185900.0
8807.900391,8809.549805,8715.099609,8723.049805,8723.049805,164000.0
8748.900391,8768.5,8690.5,8706.400391,8706.400391,151400.0
8711.200195,8767.049805,8703.150391,8745.150391,8745.150391,165500.0
8792.700195,8800.650391,8558.25,8591.25,8591.25,372900.0
8581.5,8637.150391,8555.200195,8611.150391,8611.150391,181700.0
8666.150391,8745.200195,8635.0,8738.099609,8738.099609,137300.0
8770.0,8783.650391,8736.099609,8769.150391,8769.150391,184300.0
8806.349609,8806.950195,8731.400391,8743.950195,8743.950195,157200.0
8768.700195,8781.150391,8684.650391,8709.549805,8709.549805,163600.0
8721.700195,8723.700195,8663.799805,8697.599609,8697.599609,150400.0
8735.349609,8745.799805,8703.950195,8708.799805,8708.799805,108400.0
8671.5,8681.549805,8541.349609,8573.349609,8573.349609,212300.0
8594.0,8604.450195,8549.799805,8583.400391,8583.400391,162800.0
8612.950195,8615.400391,8506.150391,8520.400391,8520.400391,197400.0
8556.049805,8685.099609,8555.900391,8677.900391,8677.900391,216600.0
8697.5,8698.75,8636.700195,8659.099609,8659.099609,172100.0
8693.349609,8727.0,8678.299805,8699.400391,8699.400391,161000.0
8708.599609,8709.099609,8652.049805,8693.049805,8693.049805,157300.0
8709.849609,8736.950195,8684.150391,8708.950195,8708.950195,157100.0
8721.700195,8722.650391,8663.450195,8691.299805,8691.299805,189800.0
8657.299805,8657.299805,8596.599609,8615.25,8615.25,219300.0
8607.099609,8624.849609,8550.25,8615.25,8615.25,242800.0
8625.0,8653.75,8581.75,8638.0,8638.0,175500.0
8653.150391,8669.599609,8614.5,8626.25,8626.25,165000.0
8542.799805,8549.5,8504.849609,8514.0,8514.0,155300.0
8499.849609,8537.650391,8476.150391,8484.950195,8484.950195,170500.0
8503.599609,8504.0,8400.25,8433.75,8433.75,224800.0
8535.75,8535.849609,8481.450195,8497.049805,8497.049805,172800.0
8540.0,8559.400391,8480.099609,8543.549805,8543.549805,195700.0
8067.5,8476.200195,8002.25,8432.0,8432.0,314300.0
8555.599609,8598.450195,8510.700195,8525.75,8525.75,263100.0
8456.650391,8460.599609,8284.950195,8296.299805,8296.299805,266900.0
8284.849609,8288.549805,8093.200195,8108.450195,8108.450195,359200.0
8205.650391,8210.049805,8089.399901999999,8111.600098000001,8111.600098000001,269500.0
8105.100098000001,8151.25,8060.299805,8079.950195,8079.950195,191300.0
8097.549805,8128.950195,8048.299805,8074.100098000001,8074.100098000001,161200.0
8102.100098000001,8102.450195,7916.399901999999,7929.100098000001,7929.100098000001,218800.0
7989.149901999999,8019.049805,7938.149901999999,8002.299805,8002.299805,210200.0
8051.200195,8055.200195,7973.100098000001,8033.299805,8033.299805,181000.0
8011.799805,8024.850098000001,7952.549805,7965.5,7965.5,260500.0
8007.950195,8122.25,7976.75,8114.299805,8114.299805,177900.0
8080.649901999999,8146.5,8066.5,8126.899901999999,8126.899901999999,189700.0
8131.549805,8197.349609,8128.700195,8142.149901999999,8142.149901999999,189700.0
8172.149901999999,8234.25,8139.25,8224.5,8224.5,248000.0
8244.0,8250.799805,8185.049805,8192.900391,8192.900391,157700.0
8153.549805,8159.299805,8070.049805,8086.799805,8086.799805,171500.0
8088.75,8141.899901999999,8056.850098000001,8128.75,8128.75,126500.0
8153.149901999999,8178.700195,8130.850098000001,8143.149901999999,8143.149901999999,115300.0
8168.399901999999,8190.450195,8077.5,8102.049805,8102.049805,169800.0
8152.100098000001,8256.25,8151.75,8246.849609,8246.849609,142500.0
8271.700195,8274.950195,8241.950195,8261.75,8261.75,149700.0
8230.650391,8230.650391,8154.450195,8170.799805,8170.799805,108100.0
8196.150391,8228.849609,8155.799805,8221.799805,8221.799805,184000.0
8229.349609,8229.400391,8165.100098000001,8182.450195,8182.450195,144600.0
8128.399901999999,8225.900391,8121.950195,8153.600098000001,8153.600098000001,181800.0
8178.200195,8178.700195,8127.450195,8139.450195,8139.450195,203000.0
8126.0,8132.5,8094.850098000001,8104.350098000001,8104.350098000001,107400.0
8110.600098000001,8124.100098000001,8062.75,8082.399901999999,8082.399901999999,128000.0
8105.850098000001,8112.549805,8053.25,8061.299805,8061.299805,123700.0
8043.850098000001,8046.450195,7964.950195,7979.100098000001,7979.100098000001,122600.0
7972.5,8022.600098000001,7942.049805,7985.75,7985.75,124100.0
7965.100098000001,7970.049805,7893.799805,7908.25,7908.25,106900.0
7915.049805,8044.649901999999,7903.700195,8032.850098000001,8032.850098000001,118800.0
8047.549805,8100.549805,8028.399901999999,8034.850098000001,8034.850098000001,126700.0
8030.600098000001,8111.100098000001,8020.799805,8103.600098000001,8103.600098000001,178500.0
8119.649901999999,8197.0,8114.75,8185.799805,8185.799805,127600.0
8210.099609,8212.0,8133.799805,8179.5,8179.5,118300.0
8196.049805,8219.099609,8148.600098000001,8192.25,8192.25,127300.0
8202.650391,8218.5,8180.899901999999,8190.5,8190.5,132400.0
8226.650391,8282.650391,8223.700195,8273.799805,8273.799805,159100.0
8281.849609,8306.849609,8233.25,8243.799805,8243.799805,139400.0
8259.349609,8263.0,8227.75,8236.049805,8236.049805,99100.0
8262.700195,8293.799805,8261.0,8288.599609,8288.599609,142900.0
8327.799805,8389.0,8322.25,8380.650391,8380.650391,186500.0
8391.049805,8417.200195,8382.299805,8407.200195,8407.200195,172600.0
8457.650391,8461.049805,8373.150391,8400.349609,8400.349609,185300.0
8390.950195,8426.700195,8374.400391,8412.799805,8412.799805,124100.0
8415.049805,8440.900391,8378.299805,8398.0,8398.0,122000.0
8403.849609,8460.299805,8397.400391,8417.0,8417.0,163800.0
8418.400391,8445.150391,8404.049805,8435.099609,8435.099609,165900.0
8404.349609,8423.650391,8340.950195,8349.349609,8349.349609,202600.0
8329.599609,8404.150391,8327.200195,8391.5,8391.5,195000.0
8407.049805,8480.950195,8398.150391,8475.799805,8475.799805,179200.0
8499.450195,8612.599609,8493.950195,8602.75,8602.75,292500.0
8610.5,8672.700195,8606.900391,8641.25,8641.25,275400.0
8635.549805,8662.599609,8617.75,8632.75,8632.75,304700.0
8629.450195,8631.75,8552.400391,8561.299805,8561.299805,521000.0
8570.349609,8722.400391,8537.5,8716.400391,8716.400391,327700.0
8724.75,8757.599609,8685.799805,8734.25,8734.25,283500.0
8735.150391,8748.25,8707.75,8740.950195,8740.950195,191000.0
8785.450195,8814.099609,8770.200195,8801.049805,8801.049805,194400.0
8805.700195,8809.299805,8741.049805,8768.299805,8768.299805,226300.0
8774.549805,8791.25,8715.0,8769.049805,8769.049805,218700.0
8795.549805,8821.400391,8724.099609,8778.400391,8778.400391,187500.0
8812.349609,8822.099609,8771.200195,8793.549805,8793.549805,225900.0
8819.799805,8826.900391,8754.200195,8805.049805,8805.049805,204900.0
8819.900391,8820.450195,8772.5,8792.299805,8792.299805,188300.0
8778.950195,8807.900391,8712.849609,8724.700195,8724.700195,216100.0
8739.0,8783.950195,8719.599609,8778.0,8778.0,184600.0
8883.700195,8896.450195,8804.25,8821.700195,8821.700195,298300.0
8818.549805,8886.25,8809.799805,8879.200195,8879.200195,167800.0
8890.75,8920.799805,8860.950195,8907.849609,8907.849609,175700.0
8931.599609,8960.75,8905.25,8926.900391,8926.900391,247100.0
8956.400391,8982.150391,8927.549805,8939.5,8939.5,377200.0
8943.700195,8951.799805,8888.650391,8896.700195,8896.700195,189900.0
8898.950195,8914.75,8867.599609,8879.599609,8879.599609,293600.0
8904.400391,8960.799805,8898.599609,8945.799805,8945.799805,205900.0
8982.849609,8992.5,8879.799805,8899.75,8899.75,218800.0
8883.5,8907.099609,8860.099609,8897.549805,8897.549805,202600.0
8915.099609,8967.799805,8914.0,8963.450195,8963.450195,174800.0
8977.75,8977.849609,8932.799805,8946.900391,8946.900391,173400.0
8950.700195,8957.049805,8891.950195,8924.299805,8924.299805,177800.0
8914.5,8945.799805,8899.5,8927.0,8927.0,171500.0
8953.700195,8975.700195,8903.950195,8934.549805,8934.549805,152700.0
9091.650391,9122.75,9060.5,9087.0,9087.0,270300.0
9086.849609,9106.549805,9075.5,9084.799805,9084.799805,240600.0
9129.650391,9158.450195,9128.549805,9153.700195,9153.700195,208600.0
9207.799805,9218.400391,9147.599609,9160.049805,9160.049805,286700.0
9166.950195,9167.599609,9116.299805,9126.849609,9126.849609,332100.0
9133.950195,9147.75,9087.200195,9121.5,9121.5,247700.0
9047.200195,9072.900391,9019.299805,9030.450195,9030.450195,232300.0
9048.75,9099.049805,9048.599609,9086.299805,9086.299805,191800.0
9104.0,9133.549805,9089.400391,9108.0,9108.0,203700.0
9093.450195,9094.849609,9024.650391,9045.200195,9045.200195,202700.0
9081.5,9110.400391,9079.799805,9100.799805,9100.799805,183300.0
9128.700195,9153.150391,9109.099609,9143.799805,9143.799805,243400.0
9142.599609,9183.150391,9136.349609,9173.75,9173.75,323400.0
9158.900391,9191.700195,9152.099609,9173.75,9173.75,190900.0
9220.599609,9245.349609,9192.400391,9237.849609,9237.849609,139100.0
9264.400391,9273.900391,9215.400391,9265.150391,9265.150391,184800.0
9245.799805,9267.950195,9218.849609,9261.950195,9261.950195,186100.0
9223.700195,9250.5,9188.099609,9198.299805,9198.299805,190000.0
9225.599609,9225.650391,9174.849609,9181.450195,9181.450195,135800.0
9184.549805,9242.700195,9172.849609,9237.0,9237.0,200100.0
9242.5,9246.400391,9161.799805,9203.450195,9203.450195,161800.0
9202.5,9202.650391,9144.950195,9150.799805,9150.799805,166500.0
9144.75,9160.0,9120.25,9139.299805,9139.299805,0.0
9163.0,9217.900391,9095.450195,9105.150391,9105.150391,174200.0
9112.200195,9120.5,9075.150391,9103.5,9103.5,173700.0
9108.099609,9143.900391,9102.650391,9136.400391,9136.400391,170300.0
9179.099609,9183.650391,9088.75,9119.400391,9119.400391,155200.0
9135.349609,9225.400391,9130.549805,9217.950195,9217.950195,167700.0
9273.049805,9309.200195,9250.349609,9306.599609,9306.599609,168700.0
9336.200195,9367.0,9301.349609,9351.849609,9351.849609,185700.0
9359.150391,9367.150391,9322.650391,9342.150391,9342.150391,209400.0
9340.950195,9342.650391,9282.25,9304.049805,9304.049805,162200.0
9339.849609,9352.549805,9269.900391,9313.799805,9313.799805,161600.0
9344.700195,9346.299805,9298.400391,9311.950195,9311.950195,151600.0
9360.950195,9365.650391,9323.25,9359.900391,9359.900391,269600.0
9374.549805,9377.099609,9272.0,9285.299805,9285.299805,231900.0
9311.450195,9338.700195,9297.950195,9314.049805,9314.049805,174300.0
9337.349609,9338.950195,9307.700195,9316.849609,9316.849609,132300.0
9339.650391,9414.75,9336.0,9407.299805,9407.299805,152700.0
9448.599609,9450.650391,9411.299805,9422.400391,9422.400391,171100.0
9436.650391,9437.75,9372.549805,9400.900391,9400.900391,154300.0
9433.549805,9449.25,9423.099609,9445.400391,9445.400391,140800.0
9461.0,9517.200195,9456.349609,9512.25,9512.25,166500.0
9517.599609,9532.599609,9486.099609,9525.75,9525.75,205500.0
9453.200195,9489.099609,9418.099609,9429.450195,9429.450195,193300.0
9469.900391,9505.75,9390.75,9427.900391,9427.900391,252100.0
9480.25,9498.650391,9427.900391,9438.25,9438.25,196800.0
9445.049805,9448.049805,9370.0,9386.150391,9386.150391,224400.0
9410.900391,9431.900391,9341.650391,9360.549805,9360.549805,211800.0
9384.049805,9523.299805,9379.200195,9509.75,9509.75,289200.0
9507.75,9604.900391,9495.400391,9595.099609,9595.099609,218800.0
9560.049805,9637.75,9547.700195,9604.900391,9604.900391,235000.0
9590.650391,9635.299805,9581.200195,9624.549805,9624.549805,193900.0
9636.549805,9649.599609,9609.25,9621.25,9621.25,414300.0
9603.549805,9634.650391,9589.900391,9616.099609,9616.099609,176100.0
9657.150391,9673.5,9637.450195,9653.5,9653.5,162200.0
9656.299805,9687.200195,9640.700195,9675.099609,9675.099609,127700.0
9704.25,9709.299805,9630.200195,9637.150391,9637.150391,145900.0
9663.950195,9678.549805,9630.549805,9663.900391,9663.900391,160700.0
9682.400391,9688.700195,9641.5,9647.25,9647.25,155400.0
9638.549805,9676.25,9608.150391,9668.25,9668.25,159000.0
9646.700195,9647.049805,9598.5,9616.400391,9616.400391,141400.0
9615.549805,9654.150391,9595.400391,9606.900391,9606.900391,129700.0
9621.549805,9627.400391,9580.450195,9618.150391,9618.150391,181800.0
9617.900391,9621.400391,9560.799805,9578.049805,9578.049805,171100.0
9595.450195,9615.849609,9565.5,9588.049805,9588.049805,213200.0
9626.400391,9673.299805,9614.900391,9657.549805,9657.549805,141700.0
9670.5,9676.5,9643.75,9653.5,9653.5,159500.0
9648.099609,9650.450195,9608.599609,9633.599609,9633.599609,144000.0
9642.650391,9698.849609,9617.75,9630.0,9630.0,198800.0
9643.25,9647.650391,9565.299805,9574.950195,9574.950195,175200.0
9594.049805,9615.400391,9473.450195,9511.400391,9511.400391,203300.0
9520.200195,9522.5,9474.349609,9491.25,9491.25,172400.0
9522.950195,9575.799805,9493.799805,9504.099609,9504.099609,259300.0
9478.5,9535.799805,9448.75,9520.900391,9520.900391,179600.0
9587.950195,9624.0,9543.549805,9615.0,9615.0,183000.0
9645.900391,9650.650391,9595.5,9613.299805,9613.299805,144800.0
9619.75,9643.650391,9607.349609,9637.599609,9637.599609,130800.0
9653.599609,9700.700195,9639.950195,9674.549805,9674.549805,147400.0
9670.349609,9684.25,9642.650391,9665.799805,9665.799805,141800.0
9719.299805,9782.150391,9646.450195,9771.049805,9771.049805,37500.0
9797.450195,9830.049805,9778.849609,9786.049805,9786.049805,179700.0
9807.299805,9824.950195,9787.700195,9816.099609,9816.099609,145500.0
9855.799805,9897.25,9853.450195,9891.700195,9891.700195,181300.0
9913.299805,9913.299805,9845.450195,9886.349609,9886.349609,159600.0
9908.150391,9928.200195,9894.700195,9915.950195,9915.950195,163500.0
9832.700195,9885.349609,9792.049805,9827.150391,9827.150391,293900.0
9855.950195,9905.049805,9851.650391,9899.599609,9899.599609,200200.0
9920.200195,9922.549805,9863.450195,9873.299805,9873.299805,161100.0
9899.599609,9924.700195,9838.0,9915.25,9915.25,187500.0
9936.799805,9982.049805,9919.599609,9966.400391,9966.400391,0.0
10010.549805,10011.299805,9949.099609,9964.549805,9964.549805,185500.0
9983.650391,10025.950195,9965.950195,10020.650391,10020.650391,197600.0
10063.25,10114.849609,10005.5,10020.549805,10020.549805,287900.0
9996.549805,10026.049805,9944.5,10014.5,10014.5,191600.0
10034.700195,10085.900391,10016.950195,10077.099609,10077.099609,237700.0
10101.049805,10128.599609,10065.75,10114.650391,10114.650391,184300.0
10136.299805,10137.849609,10054.200195,10081.5,10081.5,161500.0
10081.150391,10081.150391,9998.25,10013.650391,10013.650391,192700.0
10008.599609,10075.25,9988.349609,10066.400391,10066.400391,178600.0
10074.799805,10088.099609,10046.349609,10057.400391,10057.400391,137400.0
10068.349609,10083.799805,9947.0,9978.549805,9978.549805,203300.0
9961.150391,9969.799805,9893.049805,9908.049805,9908.049805,169200.0
9872.849609,9892.650391,9776.200195,9820.25,9820.25,235500.0
9712.150391,9771.650391,9685.549805,9710.799805,9710.799805,285900.0
9755.75,9818.299805,9752.099609,9794.150391,9794.150391,195600.0
9825.849609,9903.950195,9773.849609,9897.299805,9897.299805,219500.0
9945.549805,9947.799805,9883.75,9904.150391,9904.150391,197600.0
9865.950195,9865.950195,9783.650391,9837.400391,9837.400391,246300.0
9864.25,9884.349609,9740.099609,9754.349609,9754.349609,205300.0
9815.75,9828.450195,9752.599609,9765.549805,9765.549805,183600.0
9803.049805,9857.900391,9786.75,9852.5,9852.5,168600.0
9881.200195,9881.5,9848.849609,9857.049805,9857.049805,184700.0
9907.150391,9925.75,9882.0,9912.799805,9912.799805,159600.0
9886.400391,9887.349609,9783.75,9796.049805,9796.049805,173300.0
9859.5,9909.450195,9850.799805,9884.400391,9884.400391,157800.0
9905.700195,9925.099609,9856.950195,9917.900391,9917.900391,327700.0
9937.650391,9983.450195,9909.849609,9974.400391,9974.400391,157800.0
9984.150391,9988.400391,9861.0,9912.849609,9912.849609,148800.0
9933.25,9963.099609,9901.049805,9952.200195,9952.200195,139200.0
9899.25,9931.549805,9882.549805,9916.200195,9916.200195,149200.0
9945.849609,9964.849609,9917.200195,9929.900391,9929.900391,188800.0
9958.650391,9963.599609,9913.299805,9934.799805,9934.799805,163600.0
9971.75,10028.650391,9968.799805,10006.049805,10006.049805,173000.0
10056.849609,10097.549805,10028.049805,10093.049805,10093.049805,182600.0
10099.25,10131.950195,10063.150391,10079.299805,10079.299805,215000.0
10107.400391,10126.5,10070.349609,10086.599609,10086.599609,225600.0
10062.349609,10115.150391,10043.650391,10085.400391,10085.400391,266600.0
10133.099609,10171.700195,10131.299805,10153.099609,10153.099609,156100.0
10175.599609,10178.950195,10129.950195,10147.549805,10147.549805,187500.0
10160.950195,10171.049805,10134.200195,10141.150391,10141.150391,199400.0
10139.599609,10158.900391,10058.599609,10121.900391,10121.900391,191800.0
10094.349609,10095.049805,9952.799805,9964.400391,9964.400391,226600.0
9960.099609,9960.5,9816.049805,9872.599609,9872.599609,221400.0
9875.25,9891.349609,9813.0,9871.5,9871.5,190900.0
9920.599609,9921.049805,9714.400391,9735.75,9735.75,200100.0
9736.400391,9789.200195,9687.549805,9768.950195,9768.950195,385000.0
9814.299805,9854.0,9775.349609,9788.599609,9788.599609,196300.0
9893.299805,9895.400391,9831.049805,9859.5,9859.5,162800.0
9884.349609,9938.299805,9850.650391,9914.900391,9914.900391,156200.0
9927.0,9945.950195,9881.849609,9888.700195,9888.700195,147800.0
9908.150391,9989.349609,9906.599609,9979.700195,9979.700195,195800.0
9988.200195,10015.75,9959.450195,9988.75,9988.75,143900.0
10013.700195,10034.0,10002.299805,10016.950195,10016.950195,148600.0
10042.599609,10067.25,9955.799805,9984.799805,9984.799805,189700.0
10011.200195,10104.450195,9977.099609,10096.400391,10096.400391,200900.0
10123.700195,10191.900391,10120.099609,10167.450195,10167.450195,230100.0
10207.400391,10242.950195,10175.099609,10230.849609,10230.849609,203000.0
10227.650391,10251.849609,10212.599609,10234.450195,10234.450195,195700.0
10209.400391,10236.450195,10175.75,10210.849609,10210.849609,254200.0
10210.349609,10211.950195,10123.349609,10146.549805,10146.549805,30200.0
10176.650391,10224.150391,10124.5,10184.849609,10184.849609,218100.0
10218.549805,10237.75,10182.400391,10207.700195,10207.700195,217200.0
10321.150391,10340.549805,10240.900391,10295.349609,10295.349609,594200.0
10291.799805,10355.650391,10271.849609,10343.799805,10343.799805,429700.0
10362.299805,10366.150391,10311.299805,10323.049805,10323.049805,312700.0
10353.849609,10384.5,10344.299805,10363.650391,10363.650391,236900.0
10364.900391,10367.700195,10323.950195,10335.299805,10335.299805,232600.0
10390.349609,10451.650391,10383.049805,10440.5,10440.5,260300.0
10440.5,10453.0,10412.549805,10423.799805,10423.799805,201500.0
10461.549805,10461.700195,10403.599609,10452.5,10452.5,199900.0
10431.75,10490.450195,10413.75,10451.799805,10451.799805,193600.0
10477.150391,10485.75,10340.799805,10350.150391,10350.150391,286900.0
10361.950195,10384.25,10285.5,10303.150391,10303.150391,274500.0
10358.650391,10368.450195,10266.950195,10308.950195,10308.950195,240200.0
10304.349609,10344.950195,10254.099609,10321.75,10321.75,279400.0
10322.0,10334.150391,10216.25,10224.950195,10224.950195,210300.0
10223.400391,10248.0,10175.549805,10186.599609,10186.599609,305000.0
10171.950195,10175.450195,10094.0,10118.049805,10118.049805,207400.0
10152.900391,10232.25,10139.200195,10214.75,10214.75,182600.0
10324.549805,10343.599609,10268.049805,10283.599609,10283.599609,203300.0
10287.200195,10309.849609,10261.5,10298.75,10298.75,147200.0
10329.25,10358.700195,10315.049805,10326.900391,10326.900391,186100.0
10350.799805,10368.700195,10309.549805,10342.299805,10342.299805,157600.0
10358.450195,10374.299805,10307.299805,10348.75,10348.75,153000.0
10366.799805,10404.5,10362.25,10389.700195,10389.700195,129200.0
10361.049805,10407.150391,10340.200195,10399.549805,10399.549805,141900.0
10387.900391,10409.549805,10355.200195,10370.25,10370.25,196000.0
10376.650391,10392.950195,10345.900391,10361.299805,10361.299805,152500.0
10332.700195,10332.700195,10211.25,10226.549805,10226.549805,342500.0
10263.700195,10272.700195,10108.549805,10121.799805,10121.799805,143400.0
10175.049805,10179.200195,10095.700195,10127.75,10127.75,148600.0
10118.25,10147.950195,10069.099609,10118.25,10118.25,155500.0
10088.799805,10104.200195,10033.349609,10044.099609,10044.099609,166100.0
10063.450195,10182.650391,10061.900391,10166.700195,10166.700195,166200.0
10198.450195,10270.849609,10195.25,10265.650391,10265.650391,200000.0
10310.5,10329.200195,10282.049805,10322.25,10322.25,147400.0
10324.900391,10326.099609,10230.200195,10240.150391,10240.150391,175100.0
10236.599609,10296.549805,10169.849609,10192.950195,10192.950195,181600.0
10229.299805,10276.099609,10141.549805,10252.099609,10252.099609,154300.0
10345.650391,10373.099609,10319.650391,10333.25,10333.25,255100.0
10263.099609,10443.549805,10074.799805,10388.75,10388.75,230400.0
10414.799805,10472.200195,10406.0,10463.200195,10463.200195,169100.0
10494.400391,10494.450195,10437.150391,10444.200195,10444.200195,175200.0
10473.950195,10473.950195,10426.900391,10440.299805,10440.299805,151900.0
10457.299805,10501.099609,10448.25,10493.0,10493.0,138800.0
10512.299805,10545.450195,10477.950195,10531.5,10531.5,155600.0
10531.049805,10552.400391,10469.25,10490.75,10490.75,165200.0
10498.200195,10534.549805,10460.450195,10477.900391,10477.900391,272900.0
10492.349609,10538.700195,10488.650391,10530.700195,10530.700195,152000.0
10477.549805,10495.200195,10404.650391,10442.200195,10442.200195,153400.0
10482.650391,10503.599609,10429.549805,10443.200195,10443.200195,167300.0
10469.400391,10513.0,10441.450195,10504.799805,10504.799805,174900.0
10534.25,10566.099609,10520.099609,10558.849609,10558.849609,180900.0
10591.700195,10631.200195,10588.549805,10623.599609,10623.599609,169000.0
10645.099609,10659.150391,10603.599609,10637.0,10637.0,205000.0
10652.049805,10655.5,10592.700195,10632.200195,10632.200195,176400.0
10637.049805,10664.599609,10612.349609,10651.200195,10651.200195,153800.0
10682.549805,10690.400391,10597.099609,10681.25,10681.25,175200.0
10718.5,10782.650391,10713.799805,10741.549805,10741.549805,175900.0
10761.5,10762.349609,10687.849609,10700.450195,10700.450195,211000.0
10702.450195,10803.0,10666.75,10788.549805,10788.549805,252700.0
10873.400391,10887.5,10782.400391,10817.0,10817.0,312000.0
10829.200195,10906.849609,10793.900391,10894.700195,10894.700195,207600.0
10883.200195,10975.099609,10881.400391,10966.200195,10966.200195,231600.0
10997.400391,11092.900391,10994.549805,11083.700195,11083.700195,284600.0
11069.349609,11110.099609,11046.150391,11086.0,11086.0,283400.0
11095.599609,11095.599609,11009.200195,11069.650391,11069.650391,330300.0
11079.349609,11171.549805,11075.950195,11130.400391,11130.400391,241700.0
11120.849609,11121.099609,11033.900391,11049.650391,11049.650391,228000.0
11018.799805,11058.5,10979.299805,11027.700195,11027.700195,245900.0
11044.549805,11117.349609,10878.799805,11016.900391,11016.900391,306200.0
10938.200195,10954.950195,10736.099609,10760.599609,10760.599609,282700.0
10604.299805,10702.75,10586.799805,10666.549805,10666.549805,240100.0
10295.150391,10594.150391,10276.299805,10498.25,10498.25,266500.0
10607.200195,10614.0,10446.400391,10476.700195,10476.700195,250400.0
10518.5,10637.799805,10479.549805,10576.849609,10576.849609,232200.0
10416.5,10480.200195,10398.200195,10454.950195,10454.950195,191600.0
10518.200195,10555.5,10485.400391,10539.75,10539.75,217400.0
10585.75,10590.549805,10456.650391,10500.900391,10500.900391,229200.0
10537.900391,10618.099609,10511.049805,10545.5,10545.5,210600.0
10596.200195,10612.900391,10434.049805,10452.299805,10452.299805,184300.0
10488.900391,10489.349609,10302.75,10378.400391,10378.400391,187300.0
10391.0,10429.349609,10347.650391,10360.400391,10360.400391,187700.0
10426.0,10426.099609,10349.599609,10397.450195,10397.450195,234100.0
10354.349609,10397.549805,10340.650391,10382.700195,10382.700195,313600.0
10408.099609,10499.099609,10396.650391,10491.049805,10491.049805,210600.0
10526.549805,10592.950195,10520.200195,10582.599609,10582.599609,171900.0
10615.200195,10631.650391,10537.25,10554.299805,10554.299805,187500.0
10488.950195,10535.5,10461.549805,10492.849609,10492.849609,286000.0
10479.950195,10525.5,10447.150391,10458.349609,10458.349609,176000.0
10428.299805,10428.700195,10323.900391,10358.849609,10358.849609,194000.0
10420.5,10441.349609,10215.900391,10249.25,10249.25,222900.0
10232.950195,10243.349609,10141.549805,10154.200195,10154.200195,249500.0
10216.25,10270.349609,10146.400391,10242.650391,10242.650391,226400.0
10271.299805,10296.700195,10211.900391,10226.849609,10226.849609,186500.0
10301.599609,10433.650391,10295.450195,10421.400391,10421.400391,216400.0
10389.5,10478.599609,10377.849609,10426.849609,10426.849609,266700.0
10393.049805,10420.349609,10336.299805,10410.900391,10410.900391,181400.0
10405.450195,10420.0,10346.200195,10360.150391,10360.150391,173900.0
10345.150391,10346.299805,10180.25,10195.150391,10195.150391,328500.0
10215.349609,10224.549805,10075.299805,10094.25,10094.25,210200.0
10051.549805,10155.650391,10049.099609,10124.349609,10124.349609,203000.0
10181.950195,10227.299805,10132.950195,10155.25,10155.25,204800.0
10167.5,10207.849609,10105.400391,10114.75,10114.75,230500.0
9968.799805,10027.700195,9951.900391,9998.049805,9998.049805,285700.0
9989.150391,10143.5,9958.549805,10130.650391,10130.650391,262600.0
10188.0,10207.900391,10139.650391,10184.150391,10184.150391,225700.0
10143.599609,10158.349609,10096.900391,10113.700195,10113.700195,344400.0
10151.650391,10220.099609,10127.75,10211.799805,10211.799805,225400.0
10186.849609,10255.349609,10171.049805,10245.0,10245.0,205300.0
10274.599609,10279.849609,10111.299805,10128.400391,10128.400391,231100.0
10228.450195,10331.799805,10227.450195,10325.150391,10325.150391,236800.0
10322.75,10350.450195,10290.849609,10331.599609,10331.599609,200200.0
10333.700195,10397.700195,10328.5,10379.349609,10379.349609,221600.0
10412.900391,10424.849609,10381.5,10402.25,10402.25,251700.0
10428.150391,10428.150391,10355.599609,10417.150391,10417.150391,250400.0
10410.650391,10469.900391,10395.25,10458.650391,10458.650391,238600.0
10495.299805,10519.900391,10451.450195,10480.599609,10480.599609,213100.0
10398.299805,10540.150391,10396.349609,10528.349609,10528.349609,195000.0
10557.299805,10560.450195,10495.650391,10548.700195,10548.700195,206100.0
10578.900391,10594.200195,10509.700195,10526.200195,10526.200195,205400.0
10563.650391,10572.200195,10546.200195,10565.299805,10565.299805,262600.0
10560.349609,10582.349609,10527.450195,10564.049805,10564.049805,244600.0
10592.799805,10638.349609,10514.950195,10584.700195,10584.700195,194200.0
10578.099609,10636.799805,10569.0,10614.349609,10614.349609,219200.0
10612.400391,10612.599609,10536.450195,10570.549805,10570.549805,189200.0
10586.5,10628.400391,10559.650391,10617.799805,10617.799805,335100.0
10651.650391,10719.799805,10647.549805,10692.299805,10692.299805,0.0
10705.75,10759.0,10704.599609,10739.349609,10739.349609,173800.0
10783.849609,10784.650391,10689.799805,10718.049805,10718.049805,229700.0
10720.150391,10720.599609,10647.450195,10679.650391,10679.650391,185200.0
10700.450195,10700.450195,10601.599609,10618.25,10618.25,186500.0
10653.150391,10725.650391,10635.650391,10715.5,10715.5,168400.0
10757.900391,10758.549805,10689.400391,10717.799805,10717.799805,269800.0
10693.349609,10766.25,10689.849609,10741.700195,10741.700195,215400.0
10779.650391,10785.549805,10705.0,10716.549805,10716.549805,192100.0
10741.950195,10812.049805,10724.450195,10806.5,10806.5,203100.0
10815.150391,10834.849609,10774.75,10806.599609,10806.599609,171400.0
10812.599609,10929.200195,10781.400391,10801.849609,10801.849609,254300.0
10751.950195,10790.450195,10699.700195,10741.099609,10741.099609,231100.0
10775.599609,10777.25,10664.5,10682.700195,10682.700195,214100.0
10671.849609,10674.950195,10589.099609,10596.400391,10596.400391,223000.0
10616.700195,10621.700195,10505.799805,10516.700195,10516.700195,0.0
10518.450195,10558.599609,10490.549805,10536.700195,10536.700195,241700.0
10521.099609,10533.549805,10417.799805,10430.349609,10430.349609,290900.0
10464.849609,10535.150391,10419.799805,10513.849609,10513.849609,297600.0
10533.049805,10628.049805,10524.0,10605.150391,10605.150391,260800.0
10648.349609,10709.799805,10640.549805,10688.650391,10688.650391,232600.0
10689.400391,10717.25,10616.099609,10633.299805,10633.299805,225800.0
10579.0,10648.700195,10558.450195,10614.349609,10614.349609,238700.0
10670.099609,10763.799805,10620.400391,10736.150391,10736.150391,610300.0
10738.450195,10764.75,10681.5,10696.200195,10696.200195,220600.0
10765.950195,10770.299805,10618.349609,10628.5,10628.5,203800.0
10630.700195,10633.150391,10550.900391,10593.150391,10593.150391,167700.0
10603.450195,10698.349609,10587.5,10684.650391,10684.650391,189900.0
10722.599609,10818.0,10722.599609,10768.349609,10768.349609,220900.0
10736.400391,10779.450195,10709.049805,10767.650391,10767.650391,209400.0
10781.849609,10850.549805,10777.049805,10786.950195,10786.950195,211400.0
10816.150391,10856.549805,10789.400391,10842.849609,10842.849609,198300.0
10887.5,10893.25,10842.650391,10856.700195,10856.700195,213400.0
10832.900391,10833.700195,10773.549805,10808.049805,10808.049805,184300.0
10808.650391,10834.0,10755.400391,10817.700195,10817.700195,305400.0
10830.200195,10830.200195,10787.349609,10799.849609,10799.849609,196600.0
10789.450195,10789.450195,10701.200195,10710.450195,10710.450195,224500.0
10734.650391,10781.799805,10724.049805,10772.049805,10772.049805,193500.0
10808.450195,10809.599609,10725.900391,10741.099609,10741.099609,223600.0
10742.700195,10837.0,10710.450195,10821.849609,10821.849609,229800.0
10822.900391,10831.049805,10753.049805,10762.450195,10762.450195,229600.0
10742.700195,10805.25,10732.549805,10769.150391,10769.150391,220000.0
10785.5,10785.5,10652.400391,10671.400391,10671.400391,246000.0
10660.799805,10674.200195,10557.700195,10589.099609,10589.099609,352300.0
10612.849609,10723.049805,10612.349609,10714.299805,10714.299805,242800.0
10732.349609,10736.150391,10604.650391,10657.299805,10657.299805,295400.0
10668.599609,10713.299805,10630.25,10699.900391,10699.900391,202100.0
10715.0,10777.150391,10677.75,10769.900391,10769.900391,173900.0
10786.049805,10786.049805,10726.25,10749.75,10749.75,220500.0
10744.150391,10816.349609,10735.049805,10772.650391,10772.650391,0.0
10838.299805,10860.349609,10807.150391,10852.900391,10852.900391,183600.0
10902.75,10956.900391,10876.650391,10947.25,10947.25,197000.0
